<?xml version="1.0" encoding="UTF-8"?>
<process name="PUT__webhooks__idWebhook_" ns2:processKey="bpel:138f42c6-b814-11e4-b67d-f5b31262a0e1" targetNamespace="https://api.trello.com/1" xmlns="http://schemas.xmlsoap.org/ws/2003/03/business-process/" xmlns:ns10="http://soa.com/capabilities/service/virtualization/bpel/activity" xmlns:ns2="http://soa.com/bpel/ext" xmlns:ns3="http://soa.com/capabilities/service/virtualization/bpel" xmlns:ns4="http://schemas.xmlsoap.org/ws/2004/09/mex" xmlns:ns5="http://schemas.xmlsoap.org/ws/2006/02/addressingidentity" xmlns:ns6="http://www.w3.org/2000/09/xmldsig#" xmlns:ns7="http://docs.oasis-open.org/wss/2004/01/oasis-200401-wss-wssecurity-secext-1.0.xsd" xmlns:ns8="http://docs.oasis-open.org/wss/2004/01/oasis-200401-wss-wssecurity-utility-1.0.xsd" xmlns:ns9="http://schemas.xmlsoap.org/ws/2003/05/partner-link/"><ns9:partnerLinkType name="Trello_PortTypeProvider"><ns9:role name="Provider"><ns9:portType name="ns11:Trello_PortType" xmlns:ns11="https://api.trello.com/1"/></ns9:role></ns9:partnerLinkType><ns9:partnerLinkType name="Trello_PortTypeConsumer"><ns9:role name="Consumer"><ns9:portType name="ns11:Trello_PortType" xmlns:ns11="https://api.trello.com/1"/></ns9:role></ns9:partnerLinkType><partnerLinks><partnerLink myRole="Provider" name="initial" partnerLinkType="ns11:Trello_PortTypeProvider" xmlns:ns11="https://api.trello.com/1"/><partnerLink myRole="Consumer" name="nextHop" partnerLinkType="ns11:Trello_PortTypeConsumer" xmlns:ns11="https://api.trello.com/1"/></partnerLinks><variables><variable messageType="ns11:ActivityMessage" name="message" xmlns:ns11="http://soa.com/process/activity"/><variable messageType="ns11:ActivityMessage" name="fault" xmlns:ns11="http://soa.com/process/activity"/></variables><faultHandlers><catchAll><sequence><reply faultName="ns2:ExistingFault" name="FaultReply" operation="PUT__webhooks__idWebhook_" partnerLink="initial" portType="ns11:Trello_PortType" variable="fault" xmlns:ns11="https://api.trello.com/1"/></sequence></catchAll></faultHandlers><sequence><receive createInstance="yes" name="Receive" operation="PUT__webhooks__idWebhook_" partnerLink="initial" portType="ns11:Trello_PortType" variable="message" xmlns:ns11="https://api.trello.com/1"/><invoke inputVariable="message" name="Invoke" operation="PUT__webhooks__idWebhook_" outputVariable="message" partnerLink="nextHop" portType="ns11:Trello_PortType" xmlns:ns11="https://api.trello.com/1"><ns2:InvocationExt service="ns12:Trello" xmlns:ns12="https://api.trello.com/1/hook"/></invoke><reply name="Reply" operation="PUT__webhooks__idWebhook_" partnerLink="initial" portType="ns11:Trello_PortType" variable="message" xmlns:ns11="https://api.trello.com/1"/></sequence></process>