<?xml version="1.0" encoding="UTF-8"?>
<ActivityGraph xmlns="http://soa.com/uri/products/activity/graph/xsd/1.0"><PositionElements><Position ActivityName="Receive"><XPosition>90</XPosition><YPosition>100</YPosition></Position><Position ActivityName="InsertCredentialParams"><XPosition>170</XPosition><YPosition>80</YPosition></Position><Position ActivityName="Invoke"><XPosition>290</XPosition><YPosition>80.5</YPosition></Position><Position ActivityName="Reply"><XPosition>430</XPosition><YPosition>103</YPosition></Position></PositionElements></ActivityGraph>