<?xml version="1.0" encoding="UTF-8"?>
<process name="GET__members_my_boards" ns2:processKey="bpel:19dbcfc6-b814-11e4-b67d-f5b31262a0e1" targetNamespace="https://api.trello.com/1" xmlns="http://schemas.xmlsoap.org/ws/2003/03/business-process/" xmlns:ns10="http://soa.com/capabilities/service/virtualization/bpel/activity" xmlns:ns2="http://soa.com/bpel/ext" xmlns:ns3="http://soa.com/capabilities/service/virtualization/bpel" xmlns:ns4="http://schemas.xmlsoap.org/ws/2006/02/addressingidentity" xmlns:ns5="http://www.w3.org/2000/09/xmldsig#" xmlns:ns6="http://docs.oasis-open.org/wss/2004/01/oasis-200401-wss-wssecurity-secext-1.0.xsd" xmlns:ns7="http://docs.oasis-open.org/wss/2004/01/oasis-200401-wss-wssecurity-utility-1.0.xsd" xmlns:ns8="http://schemas.xmlsoap.org/ws/2004/09/mex" xmlns:ns9="http://schemas.xmlsoap.org/ws/2003/05/partner-link/"><ns9:partnerLinkType name="Trello_PortTypeProvider"><ns9:role name="Provider"><ns9:portType name="ns11:Trello_PortType" xmlns:ns11="https://api.trello.com/1"/></ns9:role></ns9:partnerLinkType><ns9:partnerLinkType name="Trello_PortTypeConsumer"><ns9:role name="Consumer"><ns9:portType name="ns11:Trello_PortType" xmlns:ns11="https://api.trello.com/1"/></ns9:role></ns9:partnerLinkType><ns9:partnerLinkType name="Trello_PortTypeConsumer"><ns9:role name="Consumer"><ns9:portType name="ns11:Trello_PortType" xmlns:ns11="https://api.trello.com/1"/></ns9:role></ns9:partnerLinkType><ns9:partnerLinkType name="ActivityPortTypeConsumer"><ns9:role name="Consumer"><ns9:portType name="ns10:ActivityPortType"/></ns9:role></ns9:partnerLinkType><ns10:Activities><ns10:Activity ActivityType="ns11:ScriptedActivity" LastUpdated="1424389045436" Name="InsertCredentialParams" xmlns:ns11="http://soa.com/uri/products/activity/script/xsd/1.0"><ns2:ScriptedActivity xmlns="http://soa.com/uri/products/activity/audit/xsd/1.0" xmlns:ns2="http://soa.com/uri/products/activity/script/xsd/1.0" xmlns:ns3="http://soa.com/uri/products/activity/stripxml/xsd/1.0" xmlns:ns4="http://soa.com/uri/products/activity/xform/xsd/1.0" xmlns:ns5="http://soa.com/uri/products/activity/process/xsd/1.0" xmlns:ns6="http://soa.com/uri/products/activity/insertxml/xsd/1.0" xmlns:ns7="http://soa.com/uri/products/activity/insertcontent/xsd/1.0" xmlns:ns8="http://docs.oasis-open.org/wss/2004/01/oasis-200401-wss-wssecurity-utility-1.0.xsd"/></ns10:Activity></ns10:Activities><partnerLinks><partnerLink myRole="Provider" name="initial" partnerLinkType="ns11:Trello_PortTypeProvider" xmlns:ns11="https://api.trello.com/1"/><partnerLink myRole="Consumer" name="nextHop" partnerLinkType="ns11:Trello_PortTypeConsumer" xmlns:ns11="https://api.trello.com/1"/><partnerLink myRole="Consumer" name="Trello_PortTypePartnerLink" partnerLinkType="ns11:Trello_PortTypeConsumer" xmlns:ns11="https://api.trello.com/1"/><partnerLink myRole="Consumer" name="Activity" partnerLinkType="ns11:ActivityPortTypeConsumer" xmlns:ns11="https://api.trello.com/1"/></partnerLinks><variables><variable messageType="ns11:ActivityMessage" name="message" xmlns:ns11="http://soa.com/process/activity"/><variable messageType="ns11:ActivityMessage" name="fault" xmlns:ns11="http://soa.com/process/activity"/></variables><faultHandlers><catchAll><sequence><reply faultName="ns2:ExistingFault" name="FaultReply" operation="GET__members_my_boards" partnerLink="initial" portType="ns11:Trello_PortType" variable="fault" xmlns:ns11="https://api.trello.com/1"/></sequence></catchAll></faultHandlers><sequence><receive createInstance="yes" name="Receive" operation="GET__members_my_boards" partnerLink="initial" portType="ns11:Trello_PortType" variable="message" xmlns:ns11="https://api.trello.com/1"/><invoke inputVariable="message" name="InsertCredentialParams" operation="invoke" outputVariable="message" partnerLink="Activity" portType="ns10:ActivityPortType"><ns2:InvocationExt endpoint="InsertCredentialParams" propagateExchange="true" service="ns10:ActivityService"/></invoke><invoke inputVariable="message" name="Invoke" operation="GET__members_my_boards" outputVariable="message" partnerLink="Trello_PortTypePartnerLink" portType="ns11:Trello_PortType" xmlns:ns11="https://api.trello.com/1"><ns2:InvocationExt service="ns12:Trello" xmlns:ns12="https://api.trello.com/1/hook"><ns2:Audit/></ns2:InvocationExt></invoke><reply name="Reply" operation="GET__members_my_boards" partnerLink="initial" portType="ns11:Trello_PortType" variable="message" xmlns:ns11="https://api.trello.com/1"/></sequence></process>