<?xml version="1.0" encoding="UTF-8"?>
<VirtualServiceConfiguration LastUpdated="1424389045585" ServiceName="ns13:Trello_vs0" xmlns="http://soa.com/capabilities/service/virtualization/bpel" xmlns:ns10="http://schemas.xmlsoap.org/ws/2003/03/business-process/" xmlns:ns11="http://soa.com/bpel/ext" xmlns:ns12="http://schemas.xmlsoap.org/ws/2003/05/partner-link/" xmlns:ns13="https://api.trello.com/1/hook" xmlns:ns2="http://schemas.xmlsoap.org/ws/2004/09/mex" xmlns:ns3="http://schemas.xmlsoap.org/ws/2006/02/addressingidentity" xmlns:ns4="http://www.w3.org/2000/09/xmldsig#" xmlns:ns5="http://docs.oasis-open.org/wss/2004/01/oasis-200401-wss-wssecurity-secext-1.0.xsd" xmlns:ns6="http://docs.oasis-open.org/wss/2004/01/oasis-200401-wss-wssecurity-utility-1.0.xsd" xmlns:ns7="http://soa.com/capabilities/service/virtualization/bpel/activity" xmlns:ns8="http://www.w3.org/2001/04/xmlenc#" xmlns:ns9="http://federatedgovernance.org/mc/configuration/x509"><OutboundIdentityConfig><UseInboundIdentities xmlns:xs="http://www.w3.org/2001/XMLSchema" xmlns:xsi="http://www.w3.org/2001/XMLSchema-instance" xsi:type="xs:boolean">true</UseInboundIdentities><UseServiceIdentityForHTTPS>false</UseServiceIdentityForHTTPS></OutboundIdentityConfig><PolicyImplementationConfig><ImplementPolicies>true</ImplementPolicies></PolicyImplementationConfig><OperationImplementation InterfaceName="ns14:Trello_PortType" LastUpdated="1424338696041" OperationName="DELETE__action__idAction_" xmlns:ns14="https://api.trello.com/1"><Process/><BindingHeaderInstructions/><TransportHeaderInstructions/></OperationImplementation><OperationImplementation InterfaceName="ns14:Trello_PortType" LastUpdated="1424338696158" OperationName="DELETE__boards__board_id__members__idMember_" xmlns:ns14="https://api.trello.com/1"><Process/><BindingHeaderInstructions/><TransportHeaderInstructions/></OperationImplementation><OperationImplementation InterfaceName="ns14:Trello_PortType" LastUpdated="1424338696259" OperationName="DELETE__boards__board_id__powerUps__powerUp_" xmlns:ns14="https://api.trello.com/1"><Process/><BindingHeaderInstructions/><TransportHeaderInstructions/></OperationImplementation><OperationImplementation InterfaceName="ns14:Trello_PortType" LastUpdated="1424338696357" OperationName="DELETE__cards__cardId_" xmlns:ns14="https://api.trello.com/1"><Process/><BindingHeaderInstructions/><TransportHeaderInstructions/></OperationImplementation><OperationImplementation InterfaceName="ns14:Trello_PortType" LastUpdated="1424338696459" OperationName="DELETE__cards__cardId__actions__idAction__comments" xmlns:ns14="https://api.trello.com/1"><Process/><BindingHeaderInstructions/><TransportHeaderInstructions/></OperationImplementation><OperationImplementation InterfaceName="ns14:Trello_PortType" LastUpdated="1424338696555" OperationName="DELETE__cards__cardId__attachments__idAttachment_" xmlns:ns14="https://api.trello.com/1"><Process/><BindingHeaderInstructions/><TransportHeaderInstructions/></OperationImplementation><OperationImplementation InterfaceName="ns14:Trello_PortType" LastUpdated="1424338696654" OperationName="DELETE__cards__cardId__checklists__idChecklist_" xmlns:ns14="https://api.trello.com/1"><Process/><BindingHeaderInstructions/><TransportHeaderInstructions/></OperationImplementation><OperationImplementation InterfaceName="ns14:Trello_PortType" LastUpdated="1424338696825" OperationName="DELETE__cards__cardId__checklists__idChecklist__checkItem__idCheckItem_" xmlns:ns14="https://api.trello.com/1"><Process/><BindingHeaderInstructions/><TransportHeaderInstructions/></OperationImplementation><OperationImplementation InterfaceName="ns14:Trello_PortType" LastUpdated="1424338696927" OperationName="DELETE__cards__cardId__idLabels__idLabel_" xmlns:ns14="https://api.trello.com/1"><Process/><BindingHeaderInstructions/><TransportHeaderInstructions/></OperationImplementation><OperationImplementation InterfaceName="ns14:Trello_PortType" LastUpdated="1424338697023" OperationName="DELETE__cards__cardId__idMembers__idMember_" xmlns:ns14="https://api.trello.com/1"><Process/><BindingHeaderInstructions/><TransportHeaderInstructions/></OperationImplementation><OperationImplementation InterfaceName="ns14:Trello_PortType" LastUpdated="1424338697123" OperationName="DELETE__cards__cardId__labels__color_" xmlns:ns14="https://api.trello.com/1"><Process/><BindingHeaderInstructions/><TransportHeaderInstructions/></OperationImplementation><OperationImplementation InterfaceName="ns14:Trello_PortType" LastUpdated="1424338697219" OperationName="DELETE__cards__cardId__membersVoted__idMember_" xmlns:ns14="https://api.trello.com/1"><Process/><BindingHeaderInstructions/><TransportHeaderInstructions/></OperationImplementation><OperationImplementation InterfaceName="ns14:Trello_PortType" LastUpdated="1424338697313" OperationName="DELETE__cards__cardId__stickers__idSticker_" xmlns:ns14="https://api.trello.com/1"><Process/><BindingHeaderInstructions/><TransportHeaderInstructions/></OperationImplementation><OperationImplementation InterfaceName="ns14:Trello_PortType" LastUpdated="1424338697409" OperationName="DELETE__checklists__idChecklist_" xmlns:ns14="https://api.trello.com/1"><Process/><BindingHeaderInstructions/><TransportHeaderInstructions/></OperationImplementation><OperationImplementation InterfaceName="ns14:Trello_PortType" LastUpdated="1424338697513" OperationName="DELETE__checklists__idChecklist__checkItems__idCheckItem_" xmlns:ns14="https://api.trello.com/1"><Process/><BindingHeaderInstructions/><TransportHeaderInstructions/></OperationImplementation><OperationImplementation InterfaceName="ns14:Trello_PortType" LastUpdated="1424338697622" OperationName="DELETE__labels__idLabel_" xmlns:ns14="https://api.trello.com/1"><Process/><BindingHeaderInstructions/><TransportHeaderInstructions/></OperationImplementation><OperationImplementation InterfaceName="ns14:Trello_PortType" LastUpdated="1424338697722" OperationName="DELETE__members__idMember_" xmlns:ns14="https://api.trello.com/1"><Process/><BindingHeaderInstructions/><TransportHeaderInstructions/></OperationImplementation><OperationImplementation InterfaceName="ns14:Trello_PortType" LastUpdated="1424338697822" OperationName="DELETE__members__idMember__boardBackgrounds__idBoardBackground_" xmlns:ns14="https://api.trello.com/1"><Process/><BindingHeaderInstructions/><TransportHeaderInstructions/></OperationImplementation><OperationImplementation InterfaceName="ns14:Trello_PortType" LastUpdated="1424338697924" OperationName="DELETE__members__idMember__boardStars__idBoardStar_" xmlns:ns14="https://api.trello.com/1"><Process/><BindingHeaderInstructions/><TransportHeaderInstructions/></OperationImplementation><OperationImplementation InterfaceName="ns14:Trello_PortType" LastUpdated="1424338698025" OperationName="DELETE__members__idMember__customBoardBackgrounds__idBoardBackground_" xmlns:ns14="https://api.trello.com/1"><Process/><BindingHeaderInstructions/><TransportHeaderInstructions/></OperationImplementation><OperationImplementation InterfaceName="ns14:Trello_PortType" LastUpdated="1424338698126" OperationName="DELETE__members__idMember__customStickers__idCustomSticker_" xmlns:ns14="https://api.trello.com/1"><Process/><BindingHeaderInstructions/><TransportHeaderInstructions/></OperationImplementation><OperationImplementation InterfaceName="ns14:Trello_PortType" LastUpdated="1424338698227" OperationName="DELETE__members__idMember__savedSearches__idSavedSearch_" xmlns:ns14="https://api.trello.com/1"><Process/><BindingHeaderInstructions/><TransportHeaderInstructions/></OperationImplementation><OperationImplementation InterfaceName="ns14:Trello_PortType" LastUpdated="1424338698325" OperationName="DELETE__organization__idOrg_" xmlns:ns14="https://api.trello.com/1"><Process/><BindingHeaderInstructions/><TransportHeaderInstructions/></OperationImplementation><OperationImplementation InterfaceName="ns14:Trello_PortType" LastUpdated="1424338698427" OperationName="DELETE__organization__idOrg__logo" xmlns:ns14="https://api.trello.com/1"><Process/><BindingHeaderInstructions/><TransportHeaderInstructions/></OperationImplementation><OperationImplementation InterfaceName="ns14:Trello_PortType" LastUpdated="1424338698526" OperationName="DELETE__organization__idOrg__members__idMember_" xmlns:ns14="https://api.trello.com/1"><Process/><BindingHeaderInstructions/><TransportHeaderInstructions/></OperationImplementation><OperationImplementation InterfaceName="ns14:Trello_PortType" LastUpdated="1424338698633" OperationName="DELETE__organization__idOrg__members__idMember__all" xmlns:ns14="https://api.trello.com/1"><Process/><BindingHeaderInstructions/><TransportHeaderInstructions/></OperationImplementation><OperationImplementation InterfaceName="ns14:Trello_PortType" LastUpdated="1424338698738" OperationName="DELETE__organization__idOrg__prefs_associatedDomain" xmlns:ns14="https://api.trello.com/1"><Process/><BindingHeaderInstructions/><TransportHeaderInstructions/></OperationImplementation><OperationImplementation InterfaceName="ns14:Trello_PortType" LastUpdated="1424338698837" OperationName="DELETE__organization__idOrg__prefs_orgInviteRestrict" xmlns:ns14="https://api.trello.com/1"><Process/><BindingHeaderInstructions/><TransportHeaderInstructions/></OperationImplementation><OperationImplementation InterfaceName="ns14:Trello_PortType" LastUpdated="1424338698937" OperationName="DELETE__tokens__token_" xmlns:ns14="https://api.trello.com/1"><Process/><BindingHeaderInstructions/><TransportHeaderInstructions/></OperationImplementation><OperationImplementation InterfaceName="ns14:Trello_PortType" LastUpdated="1424338699050" OperationName="DELETE__tokens__token__webhooks__idWebhook_" xmlns:ns14="https://api.trello.com/1"><Process/><BindingHeaderInstructions/><TransportHeaderInstructions/></OperationImplementation><OperationImplementation InterfaceName="ns14:Trello_PortType" LastUpdated="1424338699154" OperationName="DELETE__webhooks__idWebhook_" xmlns:ns14="https://api.trello.com/1"><Process/><BindingHeaderInstructions/><TransportHeaderInstructions/></OperationImplementation><OperationImplementation InterfaceName="ns14:Trello_PortType" LastUpdated="1424338699273" OperationName="GET__action__idAction_" xmlns:ns14="https://api.trello.com/1"><Process/><BindingHeaderInstructions/><TransportHeaderInstructions/></OperationImplementation><OperationImplementation InterfaceName="ns14:Trello_PortType" LastUpdated="1424338699377" OperationName="GET__action__idAction___field_" xmlns:ns14="https://api.trello.com/1"><Process/><BindingHeaderInstructions/><TransportHeaderInstructions/></OperationImplementation><OperationImplementation InterfaceName="ns14:Trello_PortType" LastUpdated="1424338699477" OperationName="GET__action__idAction__board" xmlns:ns14="https://api.trello.com/1"><Process/><BindingHeaderInstructions/><TransportHeaderInstructions/></OperationImplementation><OperationImplementation InterfaceName="ns14:Trello_PortType" LastUpdated="1424338699575" OperationName="GET__action__idAction__board__field_" xmlns:ns14="https://api.trello.com/1"><Process/><BindingHeaderInstructions/><TransportHeaderInstructions/></OperationImplementation><OperationImplementation InterfaceName="ns14:Trello_PortType" LastUpdated="1424338699675" OperationName="GET__action__idAction__card" xmlns:ns14="https://api.trello.com/1"><Process/><BindingHeaderInstructions/><TransportHeaderInstructions/></OperationImplementation><OperationImplementation InterfaceName="ns14:Trello_PortType" LastUpdated="1424338699776" OperationName="GET__action__idAction__card__field_" xmlns:ns14="https://api.trello.com/1"><Process/><BindingHeaderInstructions/><TransportHeaderInstructions/></OperationImplementation><OperationImplementation InterfaceName="ns14:Trello_PortType" LastUpdated="1424338699879" OperationName="GET__action__idAction__card_entities" xmlns:ns14="https://api.trello.com/1"><Process/><BindingHeaderInstructions/><TransportHeaderInstructions/></OperationImplementation><OperationImplementation InterfaceName="ns14:Trello_PortType" LastUpdated="1424338699975" OperationName="GET__action__idAction__card_list" xmlns:ns14="https://api.trello.com/1"><Process/><BindingHeaderInstructions/><TransportHeaderInstructions/></OperationImplementation><OperationImplementation InterfaceName="ns14:Trello_PortType" LastUpdated="1424338700079" OperationName="GET__action__idAction__list__field_" xmlns:ns14="https://api.trello.com/1"><Process/><BindingHeaderInstructions/><TransportHeaderInstructions/></OperationImplementation><OperationImplementation InterfaceName="ns14:Trello_PortType" LastUpdated="1424338700182" OperationName="GET__action__idAction__member" xmlns:ns14="https://api.trello.com/1"><Process/><BindingHeaderInstructions/><TransportHeaderInstructions/></OperationImplementation><OperationImplementation InterfaceName="ns14:Trello_PortType" LastUpdated="1424338700285" OperationName="GET__action__idAction__member__field_" xmlns:ns14="https://api.trello.com/1"><Process/><BindingHeaderInstructions/><TransportHeaderInstructions/></OperationImplementation><OperationImplementation InterfaceName="ns14:Trello_PortType" LastUpdated="1424338700379" OperationName="GET__action__idAction__memberCreator" xmlns:ns14="https://api.trello.com/1"><Process/><BindingHeaderInstructions/><TransportHeaderInstructions/></OperationImplementation><OperationImplementation InterfaceName="ns14:Trello_PortType" LastUpdated="1424338700486" OperationName="GET__action__idAction__memberCreator__field_" xmlns:ns14="https://api.trello.com/1"><Process/><BindingHeaderInstructions/><TransportHeaderInstructions/></OperationImplementation><OperationImplementation InterfaceName="ns14:Trello_PortType" LastUpdated="1424338700588" OperationName="GET__action__idAction__organization" xmlns:ns14="https://api.trello.com/1"><Process/><BindingHeaderInstructions/><TransportHeaderInstructions/></OperationImplementation><OperationImplementation InterfaceName="ns14:Trello_PortType" LastUpdated="1424338700686" OperationName="GET__action__idAction__organization__field_" xmlns:ns14="https://api.trello.com/1"><Process/><BindingHeaderInstructions/><TransportHeaderInstructions/></OperationImplementation><OperationImplementation InterfaceName="ns14:Trello_PortType" LastUpdated="1424338700786" OperationName="GET__batch" xmlns:ns14="https://api.trello.com/1"><Process/><BindingHeaderInstructions/><TransportHeaderInstructions/></OperationImplementation><OperationImplementation InterfaceName="ns14:Trello_PortType" LastUpdated="1424338700889" OperationName="GET__boards__board_id_" xmlns:ns14="https://api.trello.com/1"><Process/><BindingHeaderInstructions/><TransportHeaderInstructions/></OperationImplementation><OperationImplementation InterfaceName="ns14:Trello_PortType" LastUpdated="1424338700993" OperationName="GET__boards__board_id___field_" xmlns:ns14="https://api.trello.com/1"><Process/><BindingHeaderInstructions/><TransportHeaderInstructions/></OperationImplementation><OperationImplementation InterfaceName="ns14:Trello_PortType" LastUpdated="1424338701108" OperationName="GET__boards__board_id__actions" xmlns:ns14="https://api.trello.com/1"><Process/><BindingHeaderInstructions/><TransportHeaderInstructions/></OperationImplementation><OperationImplementation InterfaceName="ns14:Trello_PortType" LastUpdated="1424338701211" OperationName="GET__boards__board_id__boardstars" xmlns:ns14="https://api.trello.com/1"><Process/><BindingHeaderInstructions/><TransportHeaderInstructions/></OperationImplementation><OperationImplementation InterfaceName="ns14:Trello_PortType" LastUpdated="1424338701313" OperationName="GET__boards__board_id__cards" xmlns:ns14="https://api.trello.com/1"><Process/><BindingHeaderInstructions/><TransportHeaderInstructions/></OperationImplementation><OperationImplementation InterfaceName="ns14:Trello_PortType" LastUpdated="1424338701415" OperationName="GET__boards__board_id__cards__filter_" xmlns:ns14="https://api.trello.com/1"><Process/><BindingHeaderInstructions/><TransportHeaderInstructions/></OperationImplementation><OperationImplementation InterfaceName="ns14:Trello_PortType" LastUpdated="1424338701518" OperationName="GET__boards__board_id__cards__idCard_" xmlns:ns14="https://api.trello.com/1"><Process/><BindingHeaderInstructions/><TransportHeaderInstructions/></OperationImplementation><OperationImplementation InterfaceName="ns14:Trello_PortType" LastUpdated="1424338701622" OperationName="GET__boards__board_id__checklists" xmlns:ns14="https://api.trello.com/1"><Process/><BindingHeaderInstructions/><TransportHeaderInstructions/></OperationImplementation><OperationImplementation InterfaceName="ns14:Trello_PortType" LastUpdated="1424338701720" OperationName="GET__boards__board_id__deltas" xmlns:ns14="https://api.trello.com/1"><Process/><BindingHeaderInstructions/><TransportHeaderInstructions/></OperationImplementation><OperationImplementation InterfaceName="ns14:Trello_PortType" LastUpdated="1424338701823" OperationName="GET__boards__board_id__labels" xmlns:ns14="https://api.trello.com/1"><Process/><BindingHeaderInstructions/><TransportHeaderInstructions/></OperationImplementation><OperationImplementation InterfaceName="ns14:Trello_PortType" LastUpdated="1424338701926" OperationName="GET__boards__board_id__labels__idLabel_" xmlns:ns14="https://api.trello.com/1"><Process/><BindingHeaderInstructions/><TransportHeaderInstructions/></OperationImplementation><OperationImplementation InterfaceName="ns14:Trello_PortType" LastUpdated="1424338702026" OperationName="GET__boards__board_id__lists" xmlns:ns14="https://api.trello.com/1"><Process/><BindingHeaderInstructions/><TransportHeaderInstructions/></OperationImplementation><OperationImplementation InterfaceName="ns14:Trello_PortType" LastUpdated="1424338702122" OperationName="GET__boards__board_id__lists__filter_" xmlns:ns14="https://api.trello.com/1"><Process/><BindingHeaderInstructions/><TransportHeaderInstructions/></OperationImplementation><OperationImplementation InterfaceName="ns14:Trello_PortType" LastUpdated="1424338702222" OperationName="GET__boards__board_id__members" xmlns:ns14="https://api.trello.com/1"><Process/><BindingHeaderInstructions/><TransportHeaderInstructions/></OperationImplementation><OperationImplementation InterfaceName="ns14:Trello_PortType" LastUpdated="1424338702324" OperationName="GET__boards__board_id__members__filter_" xmlns:ns14="https://api.trello.com/1"><Process/><BindingHeaderInstructions/><TransportHeaderInstructions/></OperationImplementation><OperationImplementation InterfaceName="ns14:Trello_PortType" LastUpdated="1424338702424" OperationName="GET__boards__board_id__members__idMember__cards" xmlns:ns14="https://api.trello.com/1"><Process/><BindingHeaderInstructions/><TransportHeaderInstructions/></OperationImplementation><OperationImplementation InterfaceName="ns14:Trello_PortType" LastUpdated="1424338702520" OperationName="GET__boards__board_id__memberships" xmlns:ns14="https://api.trello.com/1"><Process/><BindingHeaderInstructions/><TransportHeaderInstructions/></OperationImplementation><OperationImplementation InterfaceName="ns14:Trello_PortType" LastUpdated="1424338702619" OperationName="GET__boards__board_id__memberships__idMembership_" xmlns:ns14="https://api.trello.com/1"><Process/><BindingHeaderInstructions/><TransportHeaderInstructions/></OperationImplementation><OperationImplementation InterfaceName="ns14:Trello_PortType" LastUpdated="1424338702728" OperationName="GET__boards__board_id__membersInvited" xmlns:ns14="https://api.trello.com/1"><Process/><BindingHeaderInstructions/><TransportHeaderInstructions/></OperationImplementation><OperationImplementation InterfaceName="ns14:Trello_PortType" LastUpdated="1424338702828" OperationName="GET__boards__board_id__membersInvited__field_" xmlns:ns14="https://api.trello.com/1"><Process/><BindingHeaderInstructions/><TransportHeaderInstructions/></OperationImplementation><OperationImplementation InterfaceName="ns14:Trello_PortType" LastUpdated="1424338702928" OperationName="GET__boards__board_id__myPrefs" xmlns:ns14="https://api.trello.com/1"><Process/><BindingHeaderInstructions/><TransportHeaderInstructions/></OperationImplementation><OperationImplementation InterfaceName="ns14:Trello_PortType" LastUpdated="1424338703028" OperationName="GET__boards__board_id__organization" xmlns:ns14="https://api.trello.com/1"><Process/><BindingHeaderInstructions/><TransportHeaderInstructions/></OperationImplementation><OperationImplementation InterfaceName="ns14:Trello_PortType" LastUpdated="1424338703128" OperationName="GET__boards__board_id__organization__field_" xmlns:ns14="https://api.trello.com/1"><Process/><BindingHeaderInstructions/><TransportHeaderInstructions/></OperationImplementation><OperationImplementation InterfaceName="ns14:Trello_PortType" LastUpdated="1424338703229" OperationName="GET__cards__cardId_" xmlns:ns14="https://api.trello.com/1"><Process/><BindingHeaderInstructions/><TransportHeaderInstructions/></OperationImplementation><OperationImplementation InterfaceName="ns14:Trello_PortType" LastUpdated="1424338703326" OperationName="GET__cards__cardId___field_" xmlns:ns14="https://api.trello.com/1"><Process/><BindingHeaderInstructions/><TransportHeaderInstructions/></OperationImplementation><OperationImplementation InterfaceName="ns14:Trello_PortType" LastUpdated="1424338703423" OperationName="GET__cards__cardId__actions" xmlns:ns14="https://api.trello.com/1"><Process/><BindingHeaderInstructions/><TransportHeaderInstructions/></OperationImplementation><OperationImplementation InterfaceName="ns14:Trello_PortType" LastUpdated="1424338703524" OperationName="GET__cards__cardId__attachments" xmlns:ns14="https://api.trello.com/1"><Process/><BindingHeaderInstructions/><TransportHeaderInstructions/></OperationImplementation><OperationImplementation InterfaceName="ns14:Trello_PortType" LastUpdated="1424338703626" OperationName="GET__cards__cardId__attachments__idAttachment_" xmlns:ns14="https://api.trello.com/1"><Process/><BindingHeaderInstructions/><TransportHeaderInstructions/></OperationImplementation><OperationImplementation InterfaceName="ns14:Trello_PortType" LastUpdated="1424338703728" OperationName="GET__cards__cardId__board" xmlns:ns14="https://api.trello.com/1"><Process/><BindingHeaderInstructions/><TransportHeaderInstructions/></OperationImplementation><OperationImplementation InterfaceName="ns14:Trello_PortType" LastUpdated="1424338703848" OperationName="GET__cards__cardId__board__field_" xmlns:ns14="https://api.trello.com/1"><Process/><BindingHeaderInstructions/><TransportHeaderInstructions/></OperationImplementation><OperationImplementation InterfaceName="ns14:Trello_PortType" LastUpdated="1424338703948" OperationName="GET__cards__cardId__checkItemStates" xmlns:ns14="https://api.trello.com/1"><Process/><BindingHeaderInstructions/><TransportHeaderInstructions/></OperationImplementation><OperationImplementation InterfaceName="ns14:Trello_PortType" LastUpdated="1424338704051" OperationName="GET__cards__cardId__checklists" xmlns:ns14="https://api.trello.com/1"><Process/><BindingHeaderInstructions/><TransportHeaderInstructions/></OperationImplementation><OperationImplementation InterfaceName="ns14:Trello_PortType" LastUpdated="1424338704149" OperationName="GET__cards__cardId__list" xmlns:ns14="https://api.trello.com/1"><Process/><BindingHeaderInstructions/><TransportHeaderInstructions/></OperationImplementation><OperationImplementation InterfaceName="ns14:Trello_PortType" LastUpdated="1424338704255" OperationName="GET__cards__cardId__list__field_" xmlns:ns14="https://api.trello.com/1"><Process/><BindingHeaderInstructions/><TransportHeaderInstructions/></OperationImplementation><OperationImplementation InterfaceName="ns14:Trello_PortType" LastUpdated="1424338704360" OperationName="GET__cards__cardId__members" xmlns:ns14="https://api.trello.com/1"><Process/><BindingHeaderInstructions/><TransportHeaderInstructions/></OperationImplementation><OperationImplementation InterfaceName="ns14:Trello_PortType" LastUpdated="1424338704460" OperationName="GET__cards__cardId__membersVoted" xmlns:ns14="https://api.trello.com/1"><Process/><BindingHeaderInstructions/><TransportHeaderInstructions/></OperationImplementation><OperationImplementation InterfaceName="ns14:Trello_PortType" LastUpdated="1424338704554" OperationName="GET__cards__cardId__stickers" xmlns:ns14="https://api.trello.com/1"><Process/><BindingHeaderInstructions/><TransportHeaderInstructions/></OperationImplementation><OperationImplementation InterfaceName="ns14:Trello_PortType" LastUpdated="1424338704654" OperationName="GET__cards__cardId__stickers__idSticker_" xmlns:ns14="https://api.trello.com/1"><Process/><BindingHeaderInstructions/><TransportHeaderInstructions/></OperationImplementation><OperationImplementation InterfaceName="ns14:Trello_PortType" LastUpdated="1424338704755" OperationName="GET__checklists__idChecklist_" xmlns:ns14="https://api.trello.com/1"><Process/><BindingHeaderInstructions/><TransportHeaderInstructions/></OperationImplementation><OperationImplementation InterfaceName="ns14:Trello_PortType" LastUpdated="1424338704855" OperationName="GET__checklists__idChecklist___field_" xmlns:ns14="https://api.trello.com/1"><Process/><BindingHeaderInstructions/><TransportHeaderInstructions/></OperationImplementation><OperationImplementation InterfaceName="ns14:Trello_PortType" LastUpdated="1424338704955" OperationName="GET__checklists__idChecklist__board" xmlns:ns14="https://api.trello.com/1"><Process/><BindingHeaderInstructions/><TransportHeaderInstructions/></OperationImplementation><OperationImplementation InterfaceName="ns14:Trello_PortType" LastUpdated="1424338705054" OperationName="GET__checklists__idChecklist__board__field_" xmlns:ns14="https://api.trello.com/1"><Process/><BindingHeaderInstructions/><TransportHeaderInstructions/></OperationImplementation><OperationImplementation InterfaceName="ns14:Trello_PortType" LastUpdated="1424338705160" OperationName="GET__checklists__idChecklist__cards" xmlns:ns14="https://api.trello.com/1"><Process/><BindingHeaderInstructions/><TransportHeaderInstructions/></OperationImplementation><OperationImplementation InterfaceName="ns14:Trello_PortType" LastUpdated="1424338705259" OperationName="GET__checklists__idChecklist__cards__filter_" xmlns:ns14="https://api.trello.com/1"><Process/><BindingHeaderInstructions/><TransportHeaderInstructions/></OperationImplementation><OperationImplementation InterfaceName="ns14:Trello_PortType" LastUpdated="1424338705356" OperationName="GET__checklists__idChecklist__checkItems" xmlns:ns14="https://api.trello.com/1"><Process/><BindingHeaderInstructions/><TransportHeaderInstructions/></OperationImplementation><OperationImplementation InterfaceName="ns14:Trello_PortType" LastUpdated="1424338705453" OperationName="GET__checklists__idChecklist__checkItems__idCheckItem_" xmlns:ns14="https://api.trello.com/1"><Process/><BindingHeaderInstructions/><TransportHeaderInstructions/></OperationImplementation><OperationImplementation InterfaceName="ns14:Trello_PortType" LastUpdated="1424338705560" OperationName="GET__labels__idLabel_" xmlns:ns14="https://api.trello.com/1"><Process/><BindingHeaderInstructions/><TransportHeaderInstructions/></OperationImplementation><OperationImplementation InterfaceName="ns14:Trello_PortType" LastUpdated="1424338705667" OperationName="GET__labels__idLabel__board" xmlns:ns14="https://api.trello.com/1"><Process/><BindingHeaderInstructions/><TransportHeaderInstructions/></OperationImplementation><OperationImplementation InterfaceName="ns14:Trello_PortType" LastUpdated="1424338705764" OperationName="GET__labels__idLabel__board__field_" xmlns:ns14="https://api.trello.com/1"><Process/><BindingHeaderInstructions/><TransportHeaderInstructions/></OperationImplementation><OperationImplementation InterfaceName="ns14:Trello_PortType" LastUpdated="1424338705863" OperationName="GET__lists__idlist_" xmlns:ns14="https://api.trello.com/1"><Process/><BindingHeaderInstructions/><TransportHeaderInstructions/></OperationImplementation><OperationImplementation InterfaceName="ns14:Trello_PortType" LastUpdated="1424338705959" OperationName="GET__lists__idlist___field_" xmlns:ns14="https://api.trello.com/1"><Process/><BindingHeaderInstructions/><TransportHeaderInstructions/></OperationImplementation><OperationImplementation InterfaceName="ns14:Trello_PortType" LastUpdated="1424338706076" OperationName="GET__lists__idlist__actions" xmlns:ns14="https://api.trello.com/1"><Process/><BindingHeaderInstructions/><TransportHeaderInstructions/></OperationImplementation><OperationImplementation InterfaceName="ns14:Trello_PortType" LastUpdated="1424338706193" OperationName="GET__lists__idlist__board" xmlns:ns14="https://api.trello.com/1"><Process/><BindingHeaderInstructions/><TransportHeaderInstructions/></OperationImplementation><OperationImplementation InterfaceName="ns14:Trello_PortType" LastUpdated="1424338706292" OperationName="GET__lists__idlist__board__field_" xmlns:ns14="https://api.trello.com/1"><Process/><BindingHeaderInstructions/><TransportHeaderInstructions/></OperationImplementation><OperationImplementation InterfaceName="ns14:Trello_PortType" LastUpdated="1424338706392" OperationName="GET__lists__idlist__cards" xmlns:ns14="https://api.trello.com/1"><Process/><BindingHeaderInstructions/><TransportHeaderInstructions/></OperationImplementation><OperationImplementation InterfaceName="ns14:Trello_PortType" LastUpdated="1424338706497" OperationName="GET__lists__idlist__cards__filter_" xmlns:ns14="https://api.trello.com/1"><Process/><BindingHeaderInstructions/><TransportHeaderInstructions/></OperationImplementation><OperationImplementation InterfaceName="ns14:Trello_PortType" LastUpdated="1424339387677" OperationName="GET__members__idMember_" xmlns:ns14="https://api.trello.com/1"><Process/><BindingHeaderInstructions/><TransportHeaderInstructions/></OperationImplementation><OperationImplementation InterfaceName="ns14:Trello_PortType" LastUpdated="1424339429776" OperationName="GET__members__idMember___field_" xmlns:ns14="https://api.trello.com/1"><Process/><BindingHeaderInstructions/><TransportHeaderInstructions/></OperationImplementation><OperationImplementation InterfaceName="ns14:Trello_PortType" LastUpdated="1424338706790" OperationName="GET__members__idMember__actions" xmlns:ns14="https://api.trello.com/1"><Process/><BindingHeaderInstructions/><TransportHeaderInstructions/></OperationImplementation><OperationImplementation InterfaceName="ns14:Trello_PortType" LastUpdated="1424338706891" OperationName="GET__members__idMember__board" xmlns:ns14="https://api.trello.com/1"><Process/><BindingHeaderInstructions/><TransportHeaderInstructions/></OperationImplementation><OperationImplementation InterfaceName="ns14:Trello_PortType" LastUpdated="1424338706990" OperationName="GET__members__idMember__board__filter_" xmlns:ns14="https://api.trello.com/1"><Process/><BindingHeaderInstructions/><TransportHeaderInstructions/></OperationImplementation><OperationImplementation InterfaceName="ns14:Trello_PortType" LastUpdated="1424338707095" OperationName="GET__members__idMember__boardBackgrounds" xmlns:ns14="https://api.trello.com/1"><Process/><BindingHeaderInstructions/><TransportHeaderInstructions/></OperationImplementation><OperationImplementation InterfaceName="ns14:Trello_PortType" LastUpdated="1424338707193" OperationName="GET__members__idMember__boardBackgrounds__idBoardBackground_" xmlns:ns14="https://api.trello.com/1"><Process/><BindingHeaderInstructions/><TransportHeaderInstructions/></OperationImplementation><OperationImplementation InterfaceName="ns14:Trello_PortType" LastUpdated="1424338707292" OperationName="GET__members__idMember__boardsInvited" xmlns:ns14="https://api.trello.com/1"><Process/><BindingHeaderInstructions/><TransportHeaderInstructions/></OperationImplementation><OperationImplementation InterfaceName="ns14:Trello_PortType" LastUpdated="1424338707391" OperationName="GET__members__idMember__boardsInvited__field_" xmlns:ns14="https://api.trello.com/1"><Process/><BindingHeaderInstructions/><TransportHeaderInstructions/></OperationImplementation><OperationImplementation InterfaceName="ns14:Trello_PortType" LastUpdated="1424338707492" OperationName="GET__members__idMember__boardStars" xmlns:ns14="https://api.trello.com/1"><Process/><BindingHeaderInstructions/><TransportHeaderInstructions/></OperationImplementation><OperationImplementation InterfaceName="ns14:Trello_PortType" LastUpdated="1424338707606" OperationName="GET__members__idMember__boardStars__idBoardStar_" xmlns:ns14="https://api.trello.com/1"><Process/><BindingHeaderInstructions/><TransportHeaderInstructions/></OperationImplementation><OperationImplementation InterfaceName="ns14:Trello_PortType" LastUpdated="1424338707714" OperationName="GET__members__idMember__cards" xmlns:ns14="https://api.trello.com/1"><Process/><BindingHeaderInstructions/><TransportHeaderInstructions/></OperationImplementation><OperationImplementation InterfaceName="ns14:Trello_PortType" LastUpdated="1424338707818" OperationName="GET__members__idMember__cards__filter_" xmlns:ns14="https://api.trello.com/1"><Process/><BindingHeaderInstructions/><TransportHeaderInstructions/></OperationImplementation><OperationImplementation InterfaceName="ns14:Trello_PortType" LastUpdated="1424338707929" OperationName="GET__members__idMember__customBoardBackgrounds" xmlns:ns14="https://api.trello.com/1"><Process/><BindingHeaderInstructions/><TransportHeaderInstructions/></OperationImplementation><OperationImplementation InterfaceName="ns14:Trello_PortType" LastUpdated="1424338708038" OperationName="GET__members__idMember__customBoardBackgrounds__idBoardBackground_" xmlns:ns14="https://api.trello.com/1"><Process/><BindingHeaderInstructions/><TransportHeaderInstructions/></OperationImplementation><OperationImplementation InterfaceName="ns14:Trello_PortType" LastUpdated="1424338708153" OperationName="GET__members__idMember__customEmoji" xmlns:ns14="https://api.trello.com/1"><Process/><BindingHeaderInstructions/><TransportHeaderInstructions/></OperationImplementation><OperationImplementation InterfaceName="ns14:Trello_PortType" LastUpdated="1424338708261" OperationName="GET__members__idMember__customEmoji__idCustomEmoji_" xmlns:ns14="https://api.trello.com/1"><Process/><BindingHeaderInstructions/><TransportHeaderInstructions/></OperationImplementation><OperationImplementation InterfaceName="ns14:Trello_PortType" LastUpdated="1424338708422" OperationName="GET__members__idMember__customStickers" xmlns:ns14="https://api.trello.com/1"><Process/><BindingHeaderInstructions/><TransportHeaderInstructions/></OperationImplementation><OperationImplementation InterfaceName="ns14:Trello_PortType" LastUpdated="1424338708528" OperationName="GET__members__idMember__customStickers__idCustomSticker_" xmlns:ns14="https://api.trello.com/1"><Process/><BindingHeaderInstructions/><TransportHeaderInstructions/></OperationImplementation><OperationImplementation InterfaceName="ns14:Trello_PortType" LastUpdated="1424338708635" OperationName="GET__members__idMember__deltas" xmlns:ns14="https://api.trello.com/1"><Process/><BindingHeaderInstructions/><TransportHeaderInstructions/></OperationImplementation><OperationImplementation InterfaceName="ns14:Trello_PortType" LastUpdated="1424338708729" OperationName="GET__members__idMember__notifications" xmlns:ns14="https://api.trello.com/1"><Process/><BindingHeaderInstructions/><TransportHeaderInstructions/></OperationImplementation><OperationImplementation InterfaceName="ns14:Trello_PortType" LastUpdated="1424338708833" OperationName="GET__members__idMember__notifications__filter_" xmlns:ns14="https://api.trello.com/1"><Process/><BindingHeaderInstructions/><TransportHeaderInstructions/></OperationImplementation><OperationImplementation InterfaceName="ns14:Trello_PortType" LastUpdated="1424338708935" OperationName="GET__members__idMember__organizations" xmlns:ns14="https://api.trello.com/1"><Process/><BindingHeaderInstructions/><TransportHeaderInstructions/></OperationImplementation><OperationImplementation InterfaceName="ns14:Trello_PortType" LastUpdated="1424338709037" OperationName="GET__members__idMember__organizations__filter_" xmlns:ns14="https://api.trello.com/1"><Process/><BindingHeaderInstructions/><TransportHeaderInstructions/></OperationImplementation><OperationImplementation InterfaceName="ns14:Trello_PortType" LastUpdated="1424338709193" OperationName="GET__members__idMember__organizationsInvited" xmlns:ns14="https://api.trello.com/1"><Process/><BindingHeaderInstructions/><TransportHeaderInstructions/></OperationImplementation><OperationImplementation InterfaceName="ns14:Trello_PortType" LastUpdated="1424338709289" OperationName="GET__members__idMember__organizationsInvited__field_" xmlns:ns14="https://api.trello.com/1"><Process/><BindingHeaderInstructions/><TransportHeaderInstructions/></OperationImplementation><OperationImplementation InterfaceName="ns14:Trello_PortType" LastUpdated="1424338709389" OperationName="GET__members__idMember__savedSearches" xmlns:ns14="https://api.trello.com/1"><Process/><BindingHeaderInstructions/><TransportHeaderInstructions/></OperationImplementation><OperationImplementation InterfaceName="ns14:Trello_PortType" LastUpdated="1424338709487" OperationName="GET__members__idMember__savedSearches__idSavedSearch_" xmlns:ns14="https://api.trello.com/1"><Process/><BindingHeaderInstructions/><TransportHeaderInstructions/></OperationImplementation><OperationImplementation InterfaceName="ns14:Trello_PortType" LastUpdated="1424338709583" OperationName="GET__members__idMember__tokens" xmlns:ns14="https://api.trello.com/1"><Process/><BindingHeaderInstructions/><TransportHeaderInstructions/></OperationImplementation><OperationImplementation InterfaceName="ns14:Trello_PortType" LastUpdated="1424389045585" OperationName="GET__members_my_boards" xmlns:ns14="https://api.trello.com/1"><Process/><BindingHeaderInstructions/><TransportHeaderInstructions/></OperationImplementation><OperationImplementation InterfaceName="ns14:Trello_PortType" LastUpdated="1424338709792" OperationName="GET__notification__idNotification_" xmlns:ns14="https://api.trello.com/1"><Process/><BindingHeaderInstructions/><TransportHeaderInstructions/></OperationImplementation><OperationImplementation InterfaceName="ns14:Trello_PortType" LastUpdated="1424338709890" OperationName="GET__notification__idNotification___field_" xmlns:ns14="https://api.trello.com/1"><Process/><BindingHeaderInstructions/><TransportHeaderInstructions/></OperationImplementation><OperationImplementation InterfaceName="ns14:Trello_PortType" LastUpdated="1424338710007" OperationName="GET__notification__idNotification__board" xmlns:ns14="https://api.trello.com/1"><Process/><BindingHeaderInstructions/><TransportHeaderInstructions/></OperationImplementation><OperationImplementation InterfaceName="ns14:Trello_PortType" LastUpdated="1424338710108" OperationName="GET__notification__idNotification__board__field_" xmlns:ns14="https://api.trello.com/1"><Process/><BindingHeaderInstructions/><TransportHeaderInstructions/></OperationImplementation><OperationImplementation InterfaceName="ns14:Trello_PortType" LastUpdated="1424338710208" OperationName="GET__notification__idNotification__card" xmlns:ns14="https://api.trello.com/1"><Process/><BindingHeaderInstructions/><TransportHeaderInstructions/></OperationImplementation><OperationImplementation InterfaceName="ns14:Trello_PortType" LastUpdated="1424338710306" OperationName="GET__notification__idNotification__card__field_" xmlns:ns14="https://api.trello.com/1"><Process/><BindingHeaderInstructions/><TransportHeaderInstructions/></OperationImplementation><OperationImplementation InterfaceName="ns14:Trello_PortType" LastUpdated="1424338710408" OperationName="GET__notification__idNotification__entities" xmlns:ns14="https://api.trello.com/1"><Process/><BindingHeaderInstructions/><TransportHeaderInstructions/></OperationImplementation><OperationImplementation InterfaceName="ns14:Trello_PortType" LastUpdated="1424338710505" OperationName="GET__notification__idNotification__list" xmlns:ns14="https://api.trello.com/1"><Process/><BindingHeaderInstructions/><TransportHeaderInstructions/></OperationImplementation><OperationImplementation InterfaceName="ns14:Trello_PortType" LastUpdated="1424338710605" OperationName="GET__notification__idNotification__list__field_" xmlns:ns14="https://api.trello.com/1"><Process/><BindingHeaderInstructions/><TransportHeaderInstructions/></OperationImplementation><OperationImplementation InterfaceName="ns14:Trello_PortType" LastUpdated="1424338710705" OperationName="GET__notification__idNotification__member" xmlns:ns14="https://api.trello.com/1"><Process/><BindingHeaderInstructions/><TransportHeaderInstructions/></OperationImplementation><OperationImplementation InterfaceName="ns14:Trello_PortType" LastUpdated="1424338710802" OperationName="GET__notification__idNotification__member__field_" xmlns:ns14="https://api.trello.com/1"><Process/><BindingHeaderInstructions/><TransportHeaderInstructions/></OperationImplementation><OperationImplementation InterfaceName="ns14:Trello_PortType" LastUpdated="1424338710901" OperationName="GET__notification__idNotification__memberCreator" xmlns:ns14="https://api.trello.com/1"><Process/><BindingHeaderInstructions/><TransportHeaderInstructions/></OperationImplementation><OperationImplementation InterfaceName="ns14:Trello_PortType" LastUpdated="1424338711000" OperationName="GET__notification__idNotification__memberCreator__field_" xmlns:ns14="https://api.trello.com/1"><Process/><BindingHeaderInstructions/><TransportHeaderInstructions/></OperationImplementation><OperationImplementation InterfaceName="ns14:Trello_PortType" LastUpdated="1424338711112" OperationName="GET__notification__idNotification__organization" xmlns:ns14="https://api.trello.com/1"><Process/><BindingHeaderInstructions/><TransportHeaderInstructions/></OperationImplementation><OperationImplementation InterfaceName="ns14:Trello_PortType" LastUpdated="1424338711211" OperationName="GET__notification__idNotification__organization__field_" xmlns:ns14="https://api.trello.com/1"><Process/><BindingHeaderInstructions/><TransportHeaderInstructions/></OperationImplementation><OperationImplementation InterfaceName="ns14:Trello_PortType" LastUpdated="1424338711319" OperationName="GET__organization__idOrg_" xmlns:ns14="https://api.trello.com/1"><Process/><BindingHeaderInstructions/><TransportHeaderInstructions/></OperationImplementation><OperationImplementation InterfaceName="ns14:Trello_PortType" LastUpdated="1424338711422" OperationName="GET__organization__idOrg___field_" xmlns:ns14="https://api.trello.com/1"><Process/><BindingHeaderInstructions/><TransportHeaderInstructions/></OperationImplementation><OperationImplementation InterfaceName="ns14:Trello_PortType" LastUpdated="1424338711517" OperationName="GET__organization__idOrg__actions" xmlns:ns14="https://api.trello.com/1"><Process/><BindingHeaderInstructions/><TransportHeaderInstructions/></OperationImplementation><OperationImplementation InterfaceName="ns14:Trello_PortType" LastUpdated="1424338711616" OperationName="GET__organization__idOrg__boards" xmlns:ns14="https://api.trello.com/1"><Process/><BindingHeaderInstructions/><TransportHeaderInstructions/></OperationImplementation><OperationImplementation InterfaceName="ns14:Trello_PortType" LastUpdated="1424338711712" OperationName="GET__organization__idOrg__boards__filter_" xmlns:ns14="https://api.trello.com/1"><Process/><BindingHeaderInstructions/><TransportHeaderInstructions/></OperationImplementation><OperationImplementation InterfaceName="ns14:Trello_PortType" LastUpdated="1424338711815" OperationName="GET__organization__idOrg__deltas" xmlns:ns14="https://api.trello.com/1"><Process/><BindingHeaderInstructions/><TransportHeaderInstructions/></OperationImplementation><OperationImplementation InterfaceName="ns14:Trello_PortType" LastUpdated="1424338711910" OperationName="GET__organization__idOrg__members" xmlns:ns14="https://api.trello.com/1"><Process/><BindingHeaderInstructions/><TransportHeaderInstructions/></OperationImplementation><OperationImplementation InterfaceName="ns14:Trello_PortType" LastUpdated="1424338712009" OperationName="GET__organization__idOrg__members__filter_" xmlns:ns14="https://api.trello.com/1"><Process/><BindingHeaderInstructions/><TransportHeaderInstructions/></OperationImplementation><OperationImplementation InterfaceName="ns14:Trello_PortType" LastUpdated="1424338712106" OperationName="GET__organization__idOrg__members__idMember__cards" xmlns:ns14="https://api.trello.com/1"><Process/><BindingHeaderInstructions/><TransportHeaderInstructions/></OperationImplementation><OperationImplementation InterfaceName="ns14:Trello_PortType" LastUpdated="1424338712219" OperationName="GET__organization__idOrg__memberships" xmlns:ns14="https://api.trello.com/1"><Process/><BindingHeaderInstructions/><TransportHeaderInstructions/></OperationImplementation><OperationImplementation InterfaceName="ns14:Trello_PortType" LastUpdated="1424338712320" OperationName="GET__organization__idOrg__memberships__idMembership_" xmlns:ns14="https://api.trello.com/1"><Process/><BindingHeaderInstructions/><TransportHeaderInstructions/></OperationImplementation><OperationImplementation InterfaceName="ns14:Trello_PortType" LastUpdated="1424338712566" OperationName="GET__organization__idOrg__membersInvited" xmlns:ns14="https://api.trello.com/1"><Process/><BindingHeaderInstructions/><TransportHeaderInstructions/></OperationImplementation><OperationImplementation InterfaceName="ns14:Trello_PortType" LastUpdated="1424338712683" OperationName="GET__organization__idOrg__membersInvited__field_" xmlns:ns14="https://api.trello.com/1"><Process/><BindingHeaderInstructions/><TransportHeaderInstructions/></OperationImplementation><OperationImplementation InterfaceName="ns14:Trello_PortType" LastUpdated="1424338712783" OperationName="GET__search" xmlns:ns14="https://api.trello.com/1"><Process/><BindingHeaderInstructions/><TransportHeaderInstructions/></OperationImplementation><OperationImplementation InterfaceName="ns14:Trello_PortType" LastUpdated="1424338712881" OperationName="GET__search_members" xmlns:ns14="https://api.trello.com/1"><Process/><BindingHeaderInstructions/><TransportHeaderInstructions/></OperationImplementation><OperationImplementation InterfaceName="ns14:Trello_PortType" LastUpdated="1424338712977" OperationName="GET__sessions_socket" xmlns:ns14="https://api.trello.com/1"><Process/><BindingHeaderInstructions/><TransportHeaderInstructions/></OperationImplementation><OperationImplementation InterfaceName="ns14:Trello_PortType" LastUpdated="1424338713075" OperationName="GET__tokens__token_" xmlns:ns14="https://api.trello.com/1"><Process/><BindingHeaderInstructions/><TransportHeaderInstructions/></OperationImplementation><OperationImplementation InterfaceName="ns14:Trello_PortType" LastUpdated="1424338713177" OperationName="GET__tokens__token___field_" xmlns:ns14="https://api.trello.com/1"><Process/><BindingHeaderInstructions/><TransportHeaderInstructions/></OperationImplementation><OperationImplementation InterfaceName="ns14:Trello_PortType" LastUpdated="1424338713276" OperationName="GET__tokens__token__member" xmlns:ns14="https://api.trello.com/1"><Process/><BindingHeaderInstructions/><TransportHeaderInstructions/></OperationImplementation><OperationImplementation InterfaceName="ns14:Trello_PortType" LastUpdated="1424338713379" OperationName="GET__tokens__token__member__field_" xmlns:ns14="https://api.trello.com/1"><Process/><BindingHeaderInstructions/><TransportHeaderInstructions/></OperationImplementation><OperationImplementation InterfaceName="ns14:Trello_PortType" LastUpdated="1424338713484" OperationName="GET__tokens__token__webhooks" xmlns:ns14="https://api.trello.com/1"><Process/><BindingHeaderInstructions/><TransportHeaderInstructions/></OperationImplementation><OperationImplementation InterfaceName="ns14:Trello_PortType" LastUpdated="1424338713584" OperationName="GET__tokens__token__webhooks__idWebhook_" xmlns:ns14="https://api.trello.com/1"><Process/><BindingHeaderInstructions/><TransportHeaderInstructions/></OperationImplementation><OperationImplementation InterfaceName="ns14:Trello_PortType" LastUpdated="1424338713686" OperationName="GET__types__id_" xmlns:ns14="https://api.trello.com/1"><Process/><BindingHeaderInstructions/><TransportHeaderInstructions/></OperationImplementation><OperationImplementation InterfaceName="ns14:Trello_PortType" LastUpdated="1424338713786" OperationName="GET__webhooks__idWebhook_" xmlns:ns14="https://api.trello.com/1"><Process/><BindingHeaderInstructions/><TransportHeaderInstructions/></OperationImplementation><OperationImplementation InterfaceName="ns14:Trello_PortType" LastUpdated="1424338713888" OperationName="GET__webhooks__idWebhook___field_" xmlns:ns14="https://api.trello.com/1"><Process/><BindingHeaderInstructions/><TransportHeaderInstructions/></OperationImplementation><OperationImplementation InterfaceName="ns14:Trello_PortType" LastUpdated="1424338713995" OperationName="POST__boards" xmlns:ns14="https://api.trello.com/1"><Process/><BindingHeaderInstructions/><TransportHeaderInstructions/></OperationImplementation><OperationImplementation InterfaceName="ns14:Trello_PortType" LastUpdated="1424338714092" OperationName="POST__boards__board_id__calendarKey_generate" xmlns:ns14="https://api.trello.com/1"><Process/><BindingHeaderInstructions/><TransportHeaderInstructions/></OperationImplementation><OperationImplementation InterfaceName="ns14:Trello_PortType" LastUpdated="1424338714190" OperationName="POST__boards__board_id__checklists" xmlns:ns14="https://api.trello.com/1"><Process/><BindingHeaderInstructions/><TransportHeaderInstructions/></OperationImplementation><OperationImplementation InterfaceName="ns14:Trello_PortType" LastUpdated="1424338714287" OperationName="POST__boards__board_id__emailKey_generate" xmlns:ns14="https://api.trello.com/1"><Process/><BindingHeaderInstructions/><TransportHeaderInstructions/></OperationImplementation><OperationImplementation InterfaceName="ns14:Trello_PortType" LastUpdated="1424338714380" OperationName="POST__boards__board_id__labels" xmlns:ns14="https://api.trello.com/1"><Process/><BindingHeaderInstructions/><TransportHeaderInstructions/></OperationImplementation><OperationImplementation InterfaceName="ns14:Trello_PortType" LastUpdated="1424338714483" OperationName="POST__boards__board_id__lists" xmlns:ns14="https://api.trello.com/1"><Process/><BindingHeaderInstructions/><TransportHeaderInstructions/></OperationImplementation><OperationImplementation InterfaceName="ns14:Trello_PortType" LastUpdated="1424338714586" OperationName="POST__boards__board_id__markAsViewed" xmlns:ns14="https://api.trello.com/1"><Process/><BindingHeaderInstructions/><TransportHeaderInstructions/></OperationImplementation><OperationImplementation InterfaceName="ns14:Trello_PortType" LastUpdated="1424338714681" OperationName="POST__cards" xmlns:ns14="https://api.trello.com/1"><Process/><BindingHeaderInstructions/><TransportHeaderInstructions/></OperationImplementation><OperationImplementation InterfaceName="ns14:Trello_PortType" LastUpdated="1424338714778" OperationName="POST__cards__cardId__actions_comments" xmlns:ns14="https://api.trello.com/1"><Process/><BindingHeaderInstructions/><TransportHeaderInstructions/></OperationImplementation><OperationImplementation InterfaceName="ns14:Trello_PortType" LastUpdated="1424338714878" OperationName="POST__cards__cardId__attachments" xmlns:ns14="https://api.trello.com/1"><Process/><BindingHeaderInstructions/><TransportHeaderInstructions/></OperationImplementation><OperationImplementation InterfaceName="ns14:Trello_PortType" LastUpdated="1424338714974" OperationName="POST__cards__cardId__checklists" xmlns:ns14="https://api.trello.com/1"><Process/><BindingHeaderInstructions/><TransportHeaderInstructions/></OperationImplementation><OperationImplementation InterfaceName="ns14:Trello_PortType" LastUpdated="1424338715071" OperationName="POST__cards__cardId__checklists__idChecklist__checkItem" xmlns:ns14="https://api.trello.com/1"><Process/><BindingHeaderInstructions/><TransportHeaderInstructions/></OperationImplementation><OperationImplementation InterfaceName="ns14:Trello_PortType" LastUpdated="1424338715168" OperationName="POST__cards__cardId__checklists__idChecklist__checkItem__idCheckItem__convertToCard" xmlns:ns14="https://api.trello.com/1"><Process/><BindingHeaderInstructions/><TransportHeaderInstructions/></OperationImplementation><OperationImplementation InterfaceName="ns14:Trello_PortType" LastUpdated="1424338715269" OperationName="POST__cards__cardId__idLabels" xmlns:ns14="https://api.trello.com/1"><Process/><BindingHeaderInstructions/><TransportHeaderInstructions/></OperationImplementation><OperationImplementation InterfaceName="ns14:Trello_PortType" LastUpdated="1424338715461" OperationName="POST__cards__cardId__idMembers" xmlns:ns14="https://api.trello.com/1"><Process/><BindingHeaderInstructions/><TransportHeaderInstructions/></OperationImplementation><OperationImplementation InterfaceName="ns14:Trello_PortType" LastUpdated="1424338715560" OperationName="POST__cards__cardId__labels" xmlns:ns14="https://api.trello.com/1"><Process/><BindingHeaderInstructions/><TransportHeaderInstructions/></OperationImplementation><OperationImplementation InterfaceName="ns14:Trello_PortType" LastUpdated="1424338715664" OperationName="POST__cards__cardId__markAssociatedNotificationsRead" xmlns:ns14="https://api.trello.com/1"><Process/><BindingHeaderInstructions/><TransportHeaderInstructions/></OperationImplementation><OperationImplementation InterfaceName="ns14:Trello_PortType" LastUpdated="1424338715763" OperationName="POST__cards__cardId__membersVoted" xmlns:ns14="https://api.trello.com/1"><Process/><BindingHeaderInstructions/><TransportHeaderInstructions/></OperationImplementation><OperationImplementation InterfaceName="ns14:Trello_PortType" LastUpdated="1424338715859" OperationName="POST__cards__cardId__stickers" xmlns:ns14="https://api.trello.com/1"><Process/><BindingHeaderInstructions/><TransportHeaderInstructions/></OperationImplementation><OperationImplementation InterfaceName="ns14:Trello_PortType" LastUpdated="1424338715960" OperationName="POST__checklists" xmlns:ns14="https://api.trello.com/1"><Process/><BindingHeaderInstructions/><TransportHeaderInstructions/></OperationImplementation><OperationImplementation InterfaceName="ns14:Trello_PortType" LastUpdated="1424338716061" OperationName="POST__checklists__idChecklist__checkItems" xmlns:ns14="https://api.trello.com/1"><Process/><BindingHeaderInstructions/><TransportHeaderInstructions/></OperationImplementation><OperationImplementation InterfaceName="ns14:Trello_PortType" LastUpdated="1424338716158" OperationName="POST__labels" xmlns:ns14="https://api.trello.com/1"><Process/><BindingHeaderInstructions/><TransportHeaderInstructions/></OperationImplementation><OperationImplementation InterfaceName="ns14:Trello_PortType" LastUpdated="1424338716256" OperationName="POST__lists" xmlns:ns14="https://api.trello.com/1"><Process/><BindingHeaderInstructions/><TransportHeaderInstructions/></OperationImplementation><OperationImplementation InterfaceName="ns14:Trello_PortType" LastUpdated="1424338716353" OperationName="POST__lists__idlist__archiveAllCards" xmlns:ns14="https://api.trello.com/1"><Process/><BindingHeaderInstructions/><TransportHeaderInstructions/></OperationImplementation><OperationImplementation InterfaceName="ns14:Trello_PortType" LastUpdated="1424338716453" OperationName="POST__lists__idlist__cards" xmlns:ns14="https://api.trello.com/1"><Process/><BindingHeaderInstructions/><TransportHeaderInstructions/></OperationImplementation><OperationImplementation InterfaceName="ns14:Trello_PortType" LastUpdated="1424338716546" OperationName="POST__lists__idlist__moveAllCards" xmlns:ns14="https://api.trello.com/1"><Process/><BindingHeaderInstructions/><TransportHeaderInstructions/></OperationImplementation><OperationImplementation InterfaceName="ns14:Trello_PortType" LastUpdated="1424338716647" OperationName="POST__members__idMember__customBoardBackgrounds" xmlns:ns14="https://api.trello.com/1"><Process/><BindingHeaderInstructions/><TransportHeaderInstructions/></OperationImplementation><OperationImplementation InterfaceName="ns14:Trello_PortType" LastUpdated="1424338716744" OperationName="POST__members__idMember__customEmoji" xmlns:ns14="https://api.trello.com/1"><Process/><BindingHeaderInstructions/><TransportHeaderInstructions/></OperationImplementation><OperationImplementation InterfaceName="ns14:Trello_PortType" LastUpdated="1424338716841" OperationName="POST__members__idMember__customStickers" xmlns:ns14="https://api.trello.com/1"><Process/><BindingHeaderInstructions/><TransportHeaderInstructions/></OperationImplementation><OperationImplementation InterfaceName="ns14:Trello_PortType" LastUpdated="1424338716938" OperationName="POST__members__idMember__oneTimeMessagesDismissed" xmlns:ns14="https://api.trello.com/1"><Process/><BindingHeaderInstructions/><TransportHeaderInstructions/></OperationImplementation><OperationImplementation InterfaceName="ns14:Trello_PortType" LastUpdated="1424338717036" OperationName="POST__members__idMember__savedSearches" xmlns:ns14="https://api.trello.com/1"><Process/><BindingHeaderInstructions/><TransportHeaderInstructions/></OperationImplementation><OperationImplementation InterfaceName="ns14:Trello_PortType" LastUpdated="1424338717136" OperationName="POST__notification_all_read" xmlns:ns14="https://api.trello.com/1"><Process/><BindingHeaderInstructions/><TransportHeaderInstructions/></OperationImplementation><OperationImplementation InterfaceName="ns14:Trello_PortType" LastUpdated="1424338717236" OperationName="POST__organization" xmlns:ns14="https://api.trello.com/1"><Process/><BindingHeaderInstructions/><TransportHeaderInstructions/></OperationImplementation><OperationImplementation InterfaceName="ns14:Trello_PortType" LastUpdated="1424338717337" OperationName="POST__organization__idOrg__logo" xmlns:ns14="https://api.trello.com/1"><Process/><BindingHeaderInstructions/><TransportHeaderInstructions/></OperationImplementation><OperationImplementation InterfaceName="ns14:Trello_PortType" LastUpdated="1424338717434" OperationName="POST__sessions" xmlns:ns14="https://api.trello.com/1"><Process/><BindingHeaderInstructions/><TransportHeaderInstructions/></OperationImplementation><OperationImplementation InterfaceName="ns14:Trello_PortType" LastUpdated="1424338717538" OperationName="POST__tokens__token__webhooks" xmlns:ns14="https://api.trello.com/1"><Process/><BindingHeaderInstructions/><TransportHeaderInstructions/></OperationImplementation><OperationImplementation InterfaceName="ns14:Trello_PortType" LastUpdated="1424338717649" OperationName="POST__webhooks" xmlns:ns14="https://api.trello.com/1"><Process/><BindingHeaderInstructions/><TransportHeaderInstructions/></OperationImplementation><OperationImplementation InterfaceName="ns14:Trello_PortType" LastUpdated="1424338717751" OperationName="PUT__action__idAction_" xmlns:ns14="https://api.trello.com/1"><Process/><BindingHeaderInstructions/><TransportHeaderInstructions/></OperationImplementation><OperationImplementation InterfaceName="ns14:Trello_PortType" LastUpdated="1424338717854" OperationName="PUT__action__idAction__text" xmlns:ns14="https://api.trello.com/1"><Process/><BindingHeaderInstructions/><TransportHeaderInstructions/></OperationImplementation><OperationImplementation InterfaceName="ns14:Trello_PortType" LastUpdated="1424338717952" OperationName="PUT__boards__board_id_" xmlns:ns14="https://api.trello.com/1"><Process/><BindingHeaderInstructions/><TransportHeaderInstructions/></OperationImplementation><OperationImplementation InterfaceName="ns14:Trello_PortType" LastUpdated="1424338718051" OperationName="PUT__boards__board_id__closed" xmlns:ns14="https://api.trello.com/1"><Process/><BindingHeaderInstructions/><TransportHeaderInstructions/></OperationImplementation><OperationImplementation InterfaceName="ns14:Trello_PortType" LastUpdated="1424338718154" OperationName="PUT__boards__board_id__desc" xmlns:ns14="https://api.trello.com/1"><Process/><BindingHeaderInstructions/><TransportHeaderInstructions/></OperationImplementation><OperationImplementation InterfaceName="ns14:Trello_PortType" LastUpdated="1424338718245" OperationName="PUT__boards__board_id__idOrganization" xmlns:ns14="https://api.trello.com/1"><Process/><BindingHeaderInstructions/><TransportHeaderInstructions/></OperationImplementation><OperationImplementation InterfaceName="ns14:Trello_PortType" LastUpdated="1424338718338" OperationName="PUT__boards__board_id__labelNames_blue" xmlns:ns14="https://api.trello.com/1"><Process/><BindingHeaderInstructions/><TransportHeaderInstructions/></OperationImplementation><OperationImplementation InterfaceName="ns14:Trello_PortType" LastUpdated="1424338718435" OperationName="PUT__boards__board_id__labelNames_green" xmlns:ns14="https://api.trello.com/1"><Process/><BindingHeaderInstructions/><TransportHeaderInstructions/></OperationImplementation><OperationImplementation InterfaceName="ns14:Trello_PortType" LastUpdated="1424338718533" OperationName="PUT__boards__board_id__labelNames_orange" xmlns:ns14="https://api.trello.com/1"><Process/><BindingHeaderInstructions/><TransportHeaderInstructions/></OperationImplementation><OperationImplementation InterfaceName="ns14:Trello_PortType" LastUpdated="1424338718630" OperationName="PUT__boards__board_id__labelNames_purple" xmlns:ns14="https://api.trello.com/1"><Process/><BindingHeaderInstructions/><TransportHeaderInstructions/></OperationImplementation><OperationImplementation InterfaceName="ns14:Trello_PortType" LastUpdated="1424338718729" OperationName="PUT__boards__board_id__labelNames_red" xmlns:ns14="https://api.trello.com/1"><Process/><BindingHeaderInstructions/><TransportHeaderInstructions/></OperationImplementation><OperationImplementation InterfaceName="ns14:Trello_PortType" LastUpdated="1424338718830" OperationName="PUT__boards__board_id__labelNames_yellow" xmlns:ns14="https://api.trello.com/1"><Process/><BindingHeaderInstructions/><TransportHeaderInstructions/></OperationImplementation><OperationImplementation InterfaceName="ns14:Trello_PortType" LastUpdated="1424338718930" OperationName="PUT__boards__board_id__members" xmlns:ns14="https://api.trello.com/1"><Process/><BindingHeaderInstructions/><TransportHeaderInstructions/></OperationImplementation><OperationImplementation InterfaceName="ns14:Trello_PortType" LastUpdated="1424338719020" OperationName="PUT__boards__board_id__members__idMember_" xmlns:ns14="https://api.trello.com/1"><Process/><BindingHeaderInstructions/><TransportHeaderInstructions/></OperationImplementation><OperationImplementation InterfaceName="ns14:Trello_PortType" LastUpdated="1424338719118" OperationName="PUT__boards__board_id__memberships__idMembership_" xmlns:ns14="https://api.trello.com/1"><Process/><BindingHeaderInstructions/><TransportHeaderInstructions/></OperationImplementation><OperationImplementation InterfaceName="ns14:Trello_PortType" LastUpdated="1424338719209" OperationName="PUT__boards__board_id__myPrefs_idEmailList" xmlns:ns14="https://api.trello.com/1"><Process/><BindingHeaderInstructions/><TransportHeaderInstructions/></OperationImplementation><OperationImplementation InterfaceName="ns14:Trello_PortType" LastUpdated="1424338719309" OperationName="PUT__boards__board_id__myPrefs_showListGuide" xmlns:ns14="https://api.trello.com/1"><Process/><BindingHeaderInstructions/><TransportHeaderInstructions/></OperationImplementation><OperationImplementation InterfaceName="ns14:Trello_PortType" LastUpdated="1424338719408" OperationName="PUT__boards__board_id__myPrefs_showSidebar" xmlns:ns14="https://api.trello.com/1"><Process/><BindingHeaderInstructions/><TransportHeaderInstructions/></OperationImplementation><OperationImplementation InterfaceName="ns14:Trello_PortType" LastUpdated="1424338719505" OperationName="PUT__boards__board_id__myPrefs_showSidebarActivity" xmlns:ns14="https://api.trello.com/1"><Process/><BindingHeaderInstructions/><TransportHeaderInstructions/></OperationImplementation><OperationImplementation InterfaceName="ns14:Trello_PortType" LastUpdated="1424338719605" OperationName="PUT__boards__board_id__myPrefs_showSidebarBoardActions" xmlns:ns14="https://api.trello.com/1"><Process/><BindingHeaderInstructions/><TransportHeaderInstructions/></OperationImplementation><OperationImplementation InterfaceName="ns14:Trello_PortType" LastUpdated="1424338719704" OperationName="PUT__boards__board_id__myPrefs_showSidebarMembers" xmlns:ns14="https://api.trello.com/1"><Process/><BindingHeaderInstructions/><TransportHeaderInstructions/></OperationImplementation><OperationImplementation InterfaceName="ns14:Trello_PortType" LastUpdated="1424338719877" OperationName="PUT__boards__board_id__name" xmlns:ns14="https://api.trello.com/1"><Process/><BindingHeaderInstructions/><TransportHeaderInstructions/></OperationImplementation><OperationImplementation InterfaceName="ns14:Trello_PortType" LastUpdated="1424338719983" OperationName="PUT__boards__board_id__powerUps" xmlns:ns14="https://api.trello.com/1"><Process/><BindingHeaderInstructions/><TransportHeaderInstructions/></OperationImplementation><OperationImplementation InterfaceName="ns14:Trello_PortType" LastUpdated="1424338720087" OperationName="PUT__boards__board_id__prefs_background" xmlns:ns14="https://api.trello.com/1"><Process/><BindingHeaderInstructions/><TransportHeaderInstructions/></OperationImplementation><OperationImplementation InterfaceName="ns14:Trello_PortType" LastUpdated="1424338720186" OperationName="PUT__boards__board_id__prefs_calendarFeedEnabled" xmlns:ns14="https://api.trello.com/1"><Process/><BindingHeaderInstructions/><TransportHeaderInstructions/></OperationImplementation><OperationImplementation InterfaceName="ns14:Trello_PortType" LastUpdated="1424338720296" OperationName="PUT__boards__board_id__prefs_cardAging" xmlns:ns14="https://api.trello.com/1"><Process/><BindingHeaderInstructions/><TransportHeaderInstructions/></OperationImplementation><OperationImplementation InterfaceName="ns14:Trello_PortType" LastUpdated="1424338720400" OperationName="PUT__boards__board_id__prefs_cardCovers" xmlns:ns14="https://api.trello.com/1"><Process/><BindingHeaderInstructions/><TransportHeaderInstructions/></OperationImplementation><OperationImplementation InterfaceName="ns14:Trello_PortType" LastUpdated="1424338720491" OperationName="PUT__boards__board_id__prefs_comments" xmlns:ns14="https://api.trello.com/1"><Process/><BindingHeaderInstructions/><TransportHeaderInstructions/></OperationImplementation><OperationImplementation InterfaceName="ns14:Trello_PortType" LastUpdated="1424338720584" OperationName="PUT__boards__board_id__prefs_invitations" xmlns:ns14="https://api.trello.com/1"><Process/><BindingHeaderInstructions/><TransportHeaderInstructions/></OperationImplementation><OperationImplementation InterfaceName="ns14:Trello_PortType" LastUpdated="1424338720681" OperationName="PUT__boards__board_id__prefs_permissionLevel" xmlns:ns14="https://api.trello.com/1"><Process/><BindingHeaderInstructions/><TransportHeaderInstructions/></OperationImplementation><OperationImplementation InterfaceName="ns14:Trello_PortType" LastUpdated="1424338720773" OperationName="PUT__boards__board_id__prefs_selfJoin" xmlns:ns14="https://api.trello.com/1"><Process/><BindingHeaderInstructions/><TransportHeaderInstructions/></OperationImplementation><OperationImplementation InterfaceName="ns14:Trello_PortType" LastUpdated="1424338720873" OperationName="PUT__boards__board_id__prefs_subscribed" xmlns:ns14="https://api.trello.com/1"><Process/><BindingHeaderInstructions/><TransportHeaderInstructions/></OperationImplementation><OperationImplementation InterfaceName="ns14:Trello_PortType" LastUpdated="1424338720975" OperationName="PUT__boards__board_id__prefs_voting" xmlns:ns14="https://api.trello.com/1"><Process/><BindingHeaderInstructions/><TransportHeaderInstructions/></OperationImplementation><OperationImplementation InterfaceName="ns14:Trello_PortType" LastUpdated="1424338721068" OperationName="PUT__cards__cardId_" xmlns:ns14="https://api.trello.com/1"><Process/><BindingHeaderInstructions/><TransportHeaderInstructions/></OperationImplementation><OperationImplementation InterfaceName="ns14:Trello_PortType" LastUpdated="1424338721158" OperationName="PUT__cards__cardId__actions__idAction__comments" xmlns:ns14="https://api.trello.com/1"><Process/><BindingHeaderInstructions/><TransportHeaderInstructions/></OperationImplementation><OperationImplementation InterfaceName="ns14:Trello_PortType" LastUpdated="1424338721302" OperationName="PUT__cards__cardId__checklists__idChecklist__checkItem__idCheckItem_" xmlns:ns14="https://api.trello.com/1"><Process/><BindingHeaderInstructions/><TransportHeaderInstructions/></OperationImplementation><OperationImplementation InterfaceName="ns14:Trello_PortType" LastUpdated="1424338721401" OperationName="PUT__cards__cardId__checklists__idChecklist__checkItem__idCheckItem__name" xmlns:ns14="https://api.trello.com/1"><Process/><BindingHeaderInstructions/><TransportHeaderInstructions/></OperationImplementation><OperationImplementation InterfaceName="ns14:Trello_PortType" LastUpdated="1424338721496" OperationName="PUT__cards__cardId__checklists__idChecklist__checkItem__idCheckItem__pos" xmlns:ns14="https://api.trello.com/1"><Process/><BindingHeaderInstructions/><TransportHeaderInstructions/></OperationImplementation><OperationImplementation InterfaceName="ns14:Trello_PortType" LastUpdated="1424338721595" OperationName="PUT__cards__cardId__checklists__idChecklist__checkItem__idCheckItem__state" xmlns:ns14="https://api.trello.com/1"><Process/><BindingHeaderInstructions/><TransportHeaderInstructions/></OperationImplementation><OperationImplementation InterfaceName="ns14:Trello_PortType" LastUpdated="1424338721693" OperationName="PUT__cards__cardId__closed" xmlns:ns14="https://api.trello.com/1"><Process/><BindingHeaderInstructions/><TransportHeaderInstructions/></OperationImplementation><OperationImplementation InterfaceName="ns14:Trello_PortType" LastUpdated="1424338721791" OperationName="PUT__cards__cardId__desc" xmlns:ns14="https://api.trello.com/1"><Process/><BindingHeaderInstructions/><TransportHeaderInstructions/></OperationImplementation><OperationImplementation InterfaceName="ns14:Trello_PortType" LastUpdated="1424338721887" OperationName="PUT__cards__cardId__due" xmlns:ns14="https://api.trello.com/1"><Process/><BindingHeaderInstructions/><TransportHeaderInstructions/></OperationImplementation><OperationImplementation InterfaceName="ns14:Trello_PortType" LastUpdated="1424338721991" OperationName="PUT__cards__cardId__idAttachmentCover" xmlns:ns14="https://api.trello.com/1"><Process/><BindingHeaderInstructions/><TransportHeaderInstructions/></OperationImplementation><OperationImplementation InterfaceName="ns14:Trello_PortType" LastUpdated="1424338722088" OperationName="PUT__cards__cardId__idBoard" xmlns:ns14="https://api.trello.com/1"><Process/><BindingHeaderInstructions/><TransportHeaderInstructions/></OperationImplementation><OperationImplementation InterfaceName="ns14:Trello_PortType" LastUpdated="1424338722186" OperationName="PUT__cards__cardId__idList" xmlns:ns14="https://api.trello.com/1"><Process/><BindingHeaderInstructions/><TransportHeaderInstructions/></OperationImplementation><OperationImplementation InterfaceName="ns14:Trello_PortType" LastUpdated="1424338722357" OperationName="PUT__cards__cardId__idMembers" xmlns:ns14="https://api.trello.com/1"><Process/><BindingHeaderInstructions/><TransportHeaderInstructions/></OperationImplementation><OperationImplementation InterfaceName="ns14:Trello_PortType" LastUpdated="1424338722462" OperationName="PUT__cards__cardId__labels" xmlns:ns14="https://api.trello.com/1"><Process/><BindingHeaderInstructions/><TransportHeaderInstructions/></OperationImplementation><OperationImplementation InterfaceName="ns14:Trello_PortType" LastUpdated="1424338722577" OperationName="PUT__cards__cardId__name" xmlns:ns14="https://api.trello.com/1"><Process/><BindingHeaderInstructions/><TransportHeaderInstructions/></OperationImplementation><OperationImplementation InterfaceName="ns14:Trello_PortType" LastUpdated="1424338722686" OperationName="PUT__cards__cardId__pos" xmlns:ns14="https://api.trello.com/1"><Process/><BindingHeaderInstructions/><TransportHeaderInstructions/></OperationImplementation><OperationImplementation InterfaceName="ns14:Trello_PortType" LastUpdated="1424338722792" OperationName="PUT__cards__cardId__stickers__idSticker_" xmlns:ns14="https://api.trello.com/1"><Process/><BindingHeaderInstructions/><TransportHeaderInstructions/></OperationImplementation><OperationImplementation InterfaceName="ns14:Trello_PortType" LastUpdated="1424338722889" OperationName="PUT__cards__cardId__subscribed" xmlns:ns14="https://api.trello.com/1"><Process/><BindingHeaderInstructions/><TransportHeaderInstructions/></OperationImplementation><OperationImplementation InterfaceName="ns14:Trello_PortType" LastUpdated="1424338722989" OperationName="PUT__checklists__idChecklist_" xmlns:ns14="https://api.trello.com/1"><Process/><BindingHeaderInstructions/><TransportHeaderInstructions/></OperationImplementation><OperationImplementation InterfaceName="ns14:Trello_PortType" LastUpdated="1424338723086" OperationName="PUT__checklists__idChecklist__idCard" xmlns:ns14="https://api.trello.com/1"><Process/><BindingHeaderInstructions/><TransportHeaderInstructions/></OperationImplementation><OperationImplementation InterfaceName="ns14:Trello_PortType" LastUpdated="1424338723184" OperationName="PUT__checklists__idChecklist__name" xmlns:ns14="https://api.trello.com/1"><Process/><BindingHeaderInstructions/><TransportHeaderInstructions/></OperationImplementation><OperationImplementation InterfaceName="ns14:Trello_PortType" LastUpdated="1424338723287" OperationName="PUT__checklists__idChecklist__pos" xmlns:ns14="https://api.trello.com/1"><Process/><BindingHeaderInstructions/><TransportHeaderInstructions/></OperationImplementation><OperationImplementation InterfaceName="ns14:Trello_PortType" LastUpdated="1424338723386" OperationName="PUT__labels__idLabel_" xmlns:ns14="https://api.trello.com/1"><Process/><BindingHeaderInstructions/><TransportHeaderInstructions/></OperationImplementation><OperationImplementation InterfaceName="ns14:Trello_PortType" LastUpdated="1424338723490" OperationName="PUT__labels__idLabel__color" xmlns:ns14="https://api.trello.com/1"><Process/><BindingHeaderInstructions/><TransportHeaderInstructions/></OperationImplementation><OperationImplementation InterfaceName="ns14:Trello_PortType" LastUpdated="1424338723592" OperationName="PUT__labels__idLabel__name" xmlns:ns14="https://api.trello.com/1"><Process/><BindingHeaderInstructions/><TransportHeaderInstructions/></OperationImplementation><OperationImplementation InterfaceName="ns14:Trello_PortType" LastUpdated="1424338723695" OperationName="PUT__lists__idlist_" xmlns:ns14="https://api.trello.com/1"><Process/><BindingHeaderInstructions/><TransportHeaderInstructions/></OperationImplementation><OperationImplementation InterfaceName="ns14:Trello_PortType" LastUpdated="1424338723797" OperationName="PUT__lists__idlist__closed" xmlns:ns14="https://api.trello.com/1"><Process/><BindingHeaderInstructions/><TransportHeaderInstructions/></OperationImplementation><OperationImplementation InterfaceName="ns14:Trello_PortType" LastUpdated="1424338723895" OperationName="PUT__lists__idlist__idBoard" xmlns:ns14="https://api.trello.com/1"><Process/><BindingHeaderInstructions/><TransportHeaderInstructions/></OperationImplementation><OperationImplementation InterfaceName="ns14:Trello_PortType" LastUpdated="1424338723995" OperationName="PUT__lists__idlist__name" xmlns:ns14="https://api.trello.com/1"><Process/><BindingHeaderInstructions/><TransportHeaderInstructions/></OperationImplementation><OperationImplementation InterfaceName="ns14:Trello_PortType" LastUpdated="1424338724102" OperationName="PUT__lists__idlist__pos" xmlns:ns14="https://api.trello.com/1"><Process/><BindingHeaderInstructions/><TransportHeaderInstructions/></OperationImplementation><OperationImplementation InterfaceName="ns14:Trello_PortType" LastUpdated="1424338724210" OperationName="PUT__lists__idlist__subscribed" xmlns:ns14="https://api.trello.com/1"><Process/><BindingHeaderInstructions/><TransportHeaderInstructions/></OperationImplementation><OperationImplementation InterfaceName="ns14:Trello_PortType" LastUpdated="1424338724304" OperationName="PUT__members__idMember_" xmlns:ns14="https://api.trello.com/1"><Process/><BindingHeaderInstructions/><TransportHeaderInstructions/></OperationImplementation><OperationImplementation InterfaceName="ns14:Trello_PortType" LastUpdated="1424338724402" OperationName="PUT__members__idMember__avatar" xmlns:ns14="https://api.trello.com/1"><Process/><BindingHeaderInstructions/><TransportHeaderInstructions/></OperationImplementation><OperationImplementation InterfaceName="ns14:Trello_PortType" LastUpdated="1424338724503" OperationName="PUT__members__idMember__avatarSource" xmlns:ns14="https://api.trello.com/1"><Process/><BindingHeaderInstructions/><TransportHeaderInstructions/></OperationImplementation><OperationImplementation InterfaceName="ns14:Trello_PortType" LastUpdated="1424338724598" OperationName="PUT__members__idMember__bio" xmlns:ns14="https://api.trello.com/1"><Process/><BindingHeaderInstructions/><TransportHeaderInstructions/></OperationImplementation><OperationImplementation InterfaceName="ns14:Trello_PortType" LastUpdated="1424338724691" OperationName="PUT__members__idMember__boardBackgrounds__idBoardBackground_" xmlns:ns14="https://api.trello.com/1"><Process/><BindingHeaderInstructions/><TransportHeaderInstructions/></OperationImplementation><OperationImplementation InterfaceName="ns14:Trello_PortType" LastUpdated="1424338724795" OperationName="PUT__members__idMember__boardsInvited" xmlns:ns14="https://api.trello.com/1"><Process/><BindingHeaderInstructions/><TransportHeaderInstructions/></OperationImplementation><OperationImplementation InterfaceName="ns14:Trello_PortType" LastUpdated="1424338724895" OperationName="PUT__members__idMember__boardStars" xmlns:ns14="https://api.trello.com/1"><Process/><BindingHeaderInstructions/><TransportHeaderInstructions/></OperationImplementation><OperationImplementation InterfaceName="ns14:Trello_PortType" LastUpdated="1424338724992" OperationName="PUT__members__idMember__boardStars__idBoardStar_" xmlns:ns14="https://api.trello.com/1"><Process/><BindingHeaderInstructions/><TransportHeaderInstructions/></OperationImplementation><OperationImplementation InterfaceName="ns14:Trello_PortType" LastUpdated="1424338725090" OperationName="PUT__members__idMember__boardStars__idBoardStar__idBoard" xmlns:ns14="https://api.trello.com/1"><Process/><BindingHeaderInstructions/><TransportHeaderInstructions/></OperationImplementation><OperationImplementation InterfaceName="ns14:Trello_PortType" LastUpdated="1424338725186" OperationName="PUT__members__idMember__boardStars__idBoardStar__pos" xmlns:ns14="https://api.trello.com/1"><Process/><BindingHeaderInstructions/><TransportHeaderInstructions/></OperationImplementation><OperationImplementation InterfaceName="ns14:Trello_PortType" LastUpdated="1424338725289" OperationName="PUT__members__idMember__customBoardBackgrounds__idBoardBackground_" xmlns:ns14="https://api.trello.com/1"><Process/><BindingHeaderInstructions/><TransportHeaderInstructions/></OperationImplementation><OperationImplementation InterfaceName="ns14:Trello_PortType" LastUpdated="1424338725388" OperationName="PUT__members__idMember__fullName" xmlns:ns14="https://api.trello.com/1"><Process/><BindingHeaderInstructions/><TransportHeaderInstructions/></OperationImplementation><OperationImplementation InterfaceName="ns14:Trello_PortType" LastUpdated="1424338725485" OperationName="PUT__members__idMember__initials" xmlns:ns14="https://api.trello.com/1"><Process/><BindingHeaderInstructions/><TransportHeaderInstructions/></OperationImplementation><OperationImplementation InterfaceName="ns14:Trello_PortType" LastUpdated="1424338725586" OperationName="PUT__members__idMember__prefs_colorBlind" xmlns:ns14="https://api.trello.com/1"><Process/><BindingHeaderInstructions/><TransportHeaderInstructions/></OperationImplementation><OperationImplementation InterfaceName="ns14:Trello_PortType" LastUpdated="1424338725681" OperationName="PUT__members__idMember__prefs_minutesBetweenSummaries" xmlns:ns14="https://api.trello.com/1"><Process/><BindingHeaderInstructions/><TransportHeaderInstructions/></OperationImplementation><OperationImplementation InterfaceName="ns14:Trello_PortType" LastUpdated="1424338725774" OperationName="PUT__members__idMember__savedSearches__idSavedSearch_" xmlns:ns14="https://api.trello.com/1"><Process/><BindingHeaderInstructions/><TransportHeaderInstructions/></OperationImplementation><OperationImplementation InterfaceName="ns14:Trello_PortType" LastUpdated="1424338725874" OperationName="PUT__members__idMember__savedSearches__idSavedSearch__name" xmlns:ns14="https://api.trello.com/1"><Process/><BindingHeaderInstructions/><TransportHeaderInstructions/></OperationImplementation><OperationImplementation InterfaceName="ns14:Trello_PortType" LastUpdated="1424338725962" OperationName="PUT__members__idMember__savedSearches__idSavedSearch__pos" xmlns:ns14="https://api.trello.com/1"><Process/><BindingHeaderInstructions/><TransportHeaderInstructions/></OperationImplementation><OperationImplementation InterfaceName="ns14:Trello_PortType" LastUpdated="1424338726062" OperationName="PUT__members__idMember__savedSearches__idSavedSearch__query" xmlns:ns14="https://api.trello.com/1"><Process/><BindingHeaderInstructions/><TransportHeaderInstructions/></OperationImplementation><OperationImplementation InterfaceName="ns14:Trello_PortType" LastUpdated="1424338726158" OperationName="PUT__members__idMember__username" xmlns:ns14="https://api.trello.com/1"><Process/><BindingHeaderInstructions/><TransportHeaderInstructions/></OperationImplementation><OperationImplementation InterfaceName="ns14:Trello_PortType" LastUpdated="1424338726257" OperationName="PUT__notification__idNotification_" xmlns:ns14="https://api.trello.com/1"><Process/><BindingHeaderInstructions/><TransportHeaderInstructions/></OperationImplementation><OperationImplementation InterfaceName="ns14:Trello_PortType" LastUpdated="1424338726355" OperationName="PUT__notification__idNotification__unread" xmlns:ns14="https://api.trello.com/1"><Process/><BindingHeaderInstructions/><TransportHeaderInstructions/></OperationImplementation><OperationImplementation InterfaceName="ns14:Trello_PortType" LastUpdated="1424338726447" OperationName="PUT__organization__idOrg_" xmlns:ns14="https://api.trello.com/1"><Process/><BindingHeaderInstructions/><TransportHeaderInstructions/></OperationImplementation><OperationImplementation InterfaceName="ns14:Trello_PortType" LastUpdated="1424338726543" OperationName="PUT__organization__idOrg__desc" xmlns:ns14="https://api.trello.com/1"><Process/><BindingHeaderInstructions/><TransportHeaderInstructions/></OperationImplementation><OperationImplementation InterfaceName="ns14:Trello_PortType" LastUpdated="1424338726642" OperationName="PUT__organization__idOrg__displayName" xmlns:ns14="https://api.trello.com/1"><Process/><BindingHeaderInstructions/><TransportHeaderInstructions/></OperationImplementation><OperationImplementation InterfaceName="ns14:Trello_PortType" LastUpdated="1424338726737" OperationName="PUT__organization__idOrg__members" xmlns:ns14="https://api.trello.com/1"><Process/><BindingHeaderInstructions/><TransportHeaderInstructions/></OperationImplementation><OperationImplementation InterfaceName="ns14:Trello_PortType" LastUpdated="1424338726832" OperationName="PUT__organization__idOrg__members__idMember_" xmlns:ns14="https://api.trello.com/1"><Process/><BindingHeaderInstructions/><TransportHeaderInstructions/></OperationImplementation><OperationImplementation InterfaceName="ns14:Trello_PortType" LastUpdated="1424338726929" OperationName="PUT__organization__idOrg__members__idMember__deactivated" xmlns:ns14="https://api.trello.com/1"><Process/><BindingHeaderInstructions/><TransportHeaderInstructions/></OperationImplementation><OperationImplementation InterfaceName="ns14:Trello_PortType" LastUpdated="1424338727022" OperationName="PUT__organization__idOrg__memberships__idMembership_" xmlns:ns14="https://api.trello.com/1"><Process/><BindingHeaderInstructions/><TransportHeaderInstructions/></OperationImplementation><OperationImplementation InterfaceName="ns14:Trello_PortType" LastUpdated="1424338727119" OperationName="PUT__organization__idOrg__name" xmlns:ns14="https://api.trello.com/1"><Process/><BindingHeaderInstructions/><TransportHeaderInstructions/></OperationImplementation><OperationImplementation InterfaceName="ns14:Trello_PortType" LastUpdated="1424338727216" OperationName="PUT__organization__idOrg__prefs_associatedDomain" xmlns:ns14="https://api.trello.com/1"><Process/><BindingHeaderInstructions/><TransportHeaderInstructions/></OperationImplementation><OperationImplementation InterfaceName="ns14:Trello_PortType" LastUpdated="1424338727312" OperationName="PUT__organization__idOrg__prefs_boardVisibilityRestrict_org" xmlns:ns14="https://api.trello.com/1"><Process/><BindingHeaderInstructions/><TransportHeaderInstructions/></OperationImplementation><OperationImplementation InterfaceName="ns14:Trello_PortType" LastUpdated="1424338727414" OperationName="PUT__organization__idOrg__prefs_boardVisibilityRestrict_private" xmlns:ns14="https://api.trello.com/1"><Process/><BindingHeaderInstructions/><TransportHeaderInstructions/></OperationImplementation><OperationImplementation InterfaceName="ns14:Trello_PortType" LastUpdated="1424338727513" OperationName="PUT__organization__idOrg__prefs_boardVisibilityRestrict_public" xmlns:ns14="https://api.trello.com/1"><Process/><BindingHeaderInstructions/><TransportHeaderInstructions/></OperationImplementation><OperationImplementation InterfaceName="ns14:Trello_PortType" LastUpdated="1424338727616" OperationName="PUT__organization__idOrg__prefs_externalMembersDisabled" xmlns:ns14="https://api.trello.com/1"><Process/><BindingHeaderInstructions/><TransportHeaderInstructions/></OperationImplementation><OperationImplementation InterfaceName="ns14:Trello_PortType" LastUpdated="1424338727714" OperationName="PUT__organization__idOrg__prefs_googleAppsVersion" xmlns:ns14="https://api.trello.com/1"><Process/><BindingHeaderInstructions/><TransportHeaderInstructions/></OperationImplementation><OperationImplementation InterfaceName="ns14:Trello_PortType" LastUpdated="1424338727811" OperationName="PUT__organization__idOrg__prefs_orgInviteRestrict" xmlns:ns14="https://api.trello.com/1"><Process/><BindingHeaderInstructions/><TransportHeaderInstructions/></OperationImplementation><OperationImplementation InterfaceName="ns14:Trello_PortType" LastUpdated="1424338727905" OperationName="PUT__organization__idOrg__prefs_permissionLevel" xmlns:ns14="https://api.trello.com/1"><Process/><BindingHeaderInstructions/><TransportHeaderInstructions/></OperationImplementation><OperationImplementation InterfaceName="ns14:Trello_PortType" LastUpdated="1424338728005" OperationName="PUT__organization__idOrg__website" xmlns:ns14="https://api.trello.com/1"><Process/><BindingHeaderInstructions/><TransportHeaderInstructions/></OperationImplementation><OperationImplementation InterfaceName="ns14:Trello_PortType" LastUpdated="1424338728098" OperationName="PUT__sessions__idSession_" xmlns:ns14="https://api.trello.com/1"><Process/><BindingHeaderInstructions/><TransportHeaderInstructions/></OperationImplementation><OperationImplementation InterfaceName="ns14:Trello_PortType" LastUpdated="1424338728192" OperationName="PUT__sessions__idSession__status" xmlns:ns14="https://api.trello.com/1"><Process/><BindingHeaderInstructions/><TransportHeaderInstructions/></OperationImplementation><OperationImplementation InterfaceName="ns14:Trello_PortType" LastUpdated="1424338728288" OperationName="PUT__tokens__token__webhooks" xmlns:ns14="https://api.trello.com/1"><Process/><BindingHeaderInstructions/><TransportHeaderInstructions/></OperationImplementation><OperationImplementation InterfaceName="ns14:Trello_PortType" LastUpdated="1424338728393" OperationName="PUT__webhooks" xmlns:ns14="https://api.trello.com/1"><Process/><BindingHeaderInstructions/><TransportHeaderInstructions/></OperationImplementation><OperationImplementation InterfaceName="ns14:Trello_PortType" LastUpdated="1424338728500" OperationName="PUT__webhooks__idWebhook_" xmlns:ns14="https://api.trello.com/1"><Process/><BindingHeaderInstructions/><TransportHeaderInstructions/></OperationImplementation><OperationImplementation InterfaceName="ns14:Trello_PortType" LastUpdated="1424338728604" OperationName="PUT__webhooks__idWebhook__active" xmlns:ns14="https://api.trello.com/1"><Process/><BindingHeaderInstructions/><TransportHeaderInstructions/></OperationImplementation><OperationImplementation InterfaceName="ns14:Trello_PortType" LastUpdated="1424338728708" OperationName="PUT__webhooks__idWebhook__callbackURL" xmlns:ns14="https://api.trello.com/1"><Process/><BindingHeaderInstructions/><TransportHeaderInstructions/></OperationImplementation><OperationImplementation InterfaceName="ns14:Trello_PortType" LastUpdated="1424338728814" OperationName="PUT__webhooks__idWebhook__description" xmlns:ns14="https://api.trello.com/1"><Process/><BindingHeaderInstructions/><TransportHeaderInstructions/></OperationImplementation><OperationImplementation InterfaceName="ns14:Trello_PortType" LastUpdated="1424338728916" OperationName="PUT__webhooks__idWebhook__idModel" xmlns:ns14="https://api.trello.com/1"><Process/><BindingHeaderInstructions/><TransportHeaderInstructions/></OperationImplementation></VirtualServiceConfiguration>